use popflix;
/*Theater 10*/
insert into theater (t_id, name, location, rating) values (1, 'Munmro', 'Cambridge', 3.41);
insert into theater (t_id, name, location, rating) values (2, 'Alana', 'Londonderry', 2.27);
insert into theater (t_id, name, location, rating) values (3, 'Nelli', 'Cordelia', 1.95);
insert into theater (t_id, name, location, rating) values (4, 'Colby', 'Brickson Park', 3.51);
insert into theater (t_id, name, location, rating) values (5, 'Bryna', 'John Wall', 3.72);
insert into theater (t_id, name, location, rating) values (6, 'Tannie', 'Manitowish', 4.77);
insert into theater (t_id, name, location, rating) values (7, 'Slade', 'Golf Course', 1.87);
insert into theater (t_id, name, location, rating) values (8, 'Kariotta', 'Kinsman', 2.16);
insert into theater (t_id, name, location, rating) values (9, 'Walker', 'Sundown', 2.56);
insert into theater (t_id, name, location, rating) values (10, 'Rice', 'Goodland', 4.41);


/*movies 50*/
insert into movies (m_id, name, release_date, language) values (1, 'Cheslie Lang', '2020-09-30 09:38:52', 'EN');
insert into movies (m_id, name, release_date, language) values (2, 'Garvey Clunie', '2020-04-28 08:34:00', 'Ma');
insert into movies (m_id, name, release_date, language) values (3, 'Marcelia Ambroise', '2020-07-25 07:54:56', 'Ma');
insert into movies (m_id, name, release_date, language) values (4, 'Bancroft Cuncliffe', '2019-12-17 03:51:46', 'Ma');
insert into movies (m_id, name, release_date, language) values (5, 'Justinian Liebermann', '2020-01-28 10:45:31', 'Ma');
insert into movies (m_id, name, release_date, language) values (6, 'Lewie Beahan', '2019-12-21 21:16:23', 'EN');
insert into movies (m_id, name, release_date, language) values (7, 'Chantal Malmar', '2020-08-28 21:10:14', 'Ma');
insert into movies (m_id, name, release_date, language) values (8, 'Nicola Crosen', '2020-01-22 10:43:40', 'Ma');
insert into movies (m_id, name, release_date, language) values (9, 'Urban Rugg', '2020-04-18 23:42:24', 'Ma');
insert into movies (m_id, name, release_date, language) values (10, 'Wylma Curm', '2020-02-28 21:33:38', 'EN');
insert into movies (m_id, name, release_date, language) values (11, 'Johanna Coucher', '2020-09-08 17:52:44', 'Ma');
insert into movies (m_id, name, release_date, language) values (12, 'Barnabe Harken', '2020-10-03 11:49:15', 'Ma');
insert into movies (m_id, name, release_date, language) values (13, 'Aviva Skrine', '2020-08-31 17:48:52', 'Ma');
insert into movies (m_id, name, release_date, language) values (14, 'Augustina Iacovucci', '2020-01-31 20:28:32', 'EN');
insert into movies (m_id, name, release_date, language) values (15, 'Roth Aspenlon', '2019-11-21 00:44:35', 'Ma');
insert into movies (m_id, name, release_date, language) values (16, 'Jennine Steart', '2020-08-14 20:31:55', 'Ma');
insert into movies (m_id, name, release_date, language) values (17, 'Robinia Partner', '2020-07-17 14:50:36', 'Hi');
insert into movies (m_id, name, release_date, language) values (18, 'Ulises Overpool', '2020-04-13 14:07:28', 'Ma');
insert into movies (m_id, name, release_date, language) values (19, 'Nial Beardwood', '2020-07-11 01:36:15', 'Ma');
insert into movies (m_id, name, release_date, language) values (20, 'Bud Huelin', '2020-03-12 03:43:14', 'Ma');
insert into movies (m_id, name, release_date, language) values (21, 'Cassandre Metterick', '2020-04-05 18:48:09', 'Ma');
insert into movies (m_id, name, release_date, language) values (22, 'Griffie Tinkham', '2020-07-19 23:12:28', 'Hi');
insert into movies (m_id, name, release_date, language) values (23, 'Truda Rouby', '2020-07-21 19:47:53', 'EN');
insert into movies (m_id, name, release_date, language) values (24, 'Nissie Tant', '2019-11-02 19:12:34', 'Ma');
insert into movies (m_id, name, release_date, language) values (25, 'Brietta Bothams', '2020-04-22 16:04:33', 'Ma');
insert into movies (m_id, name, release_date, language) values (26, 'Earlie Askell', '2020-03-09 05:30:22', 'Hi');
insert into movies (m_id, name, release_date, language) values (27, 'Syd Tugman', '2020-05-19 14:56:57', 'Ma');
insert into movies (m_id, name, release_date, language) values (28, 'Hanna Dorning', '2019-11-16 23:44:17', 'Ma');
insert into movies (m_id, name, release_date, language) values (29, 'Archie McLenahan', '2020-02-10 00:19:33', 'Ma');
insert into movies (m_id, name, release_date, language) values (30, 'Irvin McClosh', '2020-07-11 10:11:04', 'Ma');
insert into movies (m_id, name, release_date, language) values (31, 'Halie Kunert', '2020-03-04 04:29:08', 'Hi');
insert into movies (m_id, name, release_date, language) values (32, 'Lottie Allsup', '2020-01-20 13:15:27', 'EN');
insert into movies (m_id, name, release_date, language) values (33, 'Stephie Varian', '2020-02-03 22:00:38', 'Ma');
insert into movies (m_id, name, release_date, language) values (34, 'Bernarr Bollard', '2020-08-22 03:36:24', 'Ma');
insert into movies (m_id, name, release_date, language) values (35, 'Bellina Sappson', '2020-05-29 22:51:08', 'Hi');
insert into movies (m_id, name, release_date, language) values (36, 'Kaylil Bartolomeazzi', '2020-02-14 14:43:28', 'Ma');
insert into movies (m_id, name, release_date, language) values (37, 'Teirtza MacAndie', '2020-02-07 02:46:22', 'Ma');
insert into movies (m_id, name, release_date, language) values (38, 'Kala Mc Gaughey', '2020-10-22 18:31:29', 'Ma');
insert into movies (m_id, name, release_date, language) values (39, 'Darb Game', '2020-02-19 17:34:23', 'Ma');
insert into movies (m_id, name, release_date, language) values (40, 'Lauralee Coggeshall', '2019-10-26 12:37:16', 'Hi');
insert into movies (m_id, name, release_date, language) values (41, 'Lelah Aitkin', '2020-02-29 15:37:43', 'Ma');
insert into movies (m_id, name, release_date, language) values (42, 'Clara Cavolini', '2019-12-10 00:43:55', 'EN');
insert into movies (m_id, name, release_date, language) values (43, 'Willard Grolmann', '2020-10-01 18:30:49', 'Ma');
insert into movies (m_id, name, release_date, language) values (44, 'Seana Weeks', '2020-06-29 05:26:34', 'Ma');
insert into movies (m_id, name, release_date, language) values (45, 'Sindee Tipper', '2020-09-18 13:08:38', 'Hi');
insert into movies (m_id, name, release_date, language) values (46, 'Bernarr Gower', '2020-10-01 03:00:50', 'Ma');
insert into movies (m_id, name, release_date, language) values (47, 'Eartha Preto', '2020-08-17 15:25:10', 'Ma');
insert into movies (m_id, name, release_date, language) values (48, 'Doll Godley', '2019-12-09 19:44:54', 'EN');
insert into movies (m_id, name, release_date, language) values (49, 'Silvester Grennan', '2020-08-23 12:15:12', 'Ma');
insert into movies (m_id, name, release_date, language) values (50, 'Korella Toke', '2020-06-23 02:59:38', 'EN');

/*Genre 75*/
insert into genre (m_id, Genre) values (24, 'ADVENTURE');
insert into genre (m_id, Genre) values (2, 'ROMANTIC');
insert into genre (m_id, Genre) values (33, 'ADVENTURE');
insert into genre (m_id, Genre) values (10, 'HORROR');
insert into genre (m_id, Genre) values (48, 'ADVENTURE');
insert into genre (m_id, Genre) values (4, 'ADVENTURE');
insert into genre (m_id, Genre) values (49, 'COMEDY');
insert into genre (m_id, Genre) values (34, 'ROMANTIC');
insert into genre (m_id, Genre) values (4, 'HORROR');
insert into genre (m_id, Genre) values (30, 'ADVENTURE');
insert into genre (m_id, Genre) values (1, 'ADVENTURE');
insert into genre (m_id, Genre) values (21, 'ADVENTURE');
insert into genre (m_id, Genre) values (33, 'ADVENTURE');
insert into genre (m_id, Genre) values (16, 'HORROR');
insert into genre (m_id, Genre) values (21, 'ADVENTURE');
insert into genre (m_id, Genre) values (48, 'ADVENTURE');
insert into genre (m_id, Genre) values (27, 'ADVENTURE');
insert into genre (m_id, Genre) values (4, 'ADVENTURE');
insert into genre (m_id, Genre) values (36, 'COMEDY');
insert into genre (m_id, Genre) values (31, 'ROMANTIC');
insert into genre (m_id, Genre) values (18, 'HORROR');
insert into genre (m_id, Genre) values (45, 'ADVENTURE');
insert into genre (m_id, Genre) values (25, 'ROMANTIC');
insert into genre (m_id, Genre) values (6, 'COMEDY');
insert into genre (m_id, Genre) values (22, 'HORROR');
insert into genre (m_id, Genre) values (34, 'ROMANTIC');
insert into genre (m_id, Genre) values (8, 'ADVENTURE');
insert into genre (m_id, Genre) values (50, 'ADVENTURE');
insert into genre (m_id, Genre) values (39, 'COMEDY');
insert into genre (m_id, Genre) values (25, 'ADVENTURE');
insert into genre (m_id, Genre) values (5, 'ADVENTURE');
insert into genre (m_id, Genre) values (46, 'ADVENTURE');
insert into genre (m_id, Genre) values (48, 'ADVENTURE');
insert into genre (m_id, Genre) values (30, 'ADVENTURE');
insert into genre (m_id, Genre) values (31, 'ROMANTIC');
insert into genre (m_id, Genre) values (18, 'ROMANTIC');
insert into genre (m_id, Genre) values (17, 'COMEDY');
insert into genre (m_id, Genre) values (19, 'ROMANTIC');
insert into genre (m_id, Genre) values (29, 'ADVENTURE');
insert into genre (m_id, Genre) values (44, 'ADVENTURE');
insert into genre (m_id, Genre) values (40, 'ROMANTIC');
insert into genre (m_id, Genre) values (20, 'ADVENTURE');
insert into genre (m_id, Genre) values (34, 'COMEDY');
insert into genre (m_id, Genre) values (13, 'ADVENTURE');
insert into genre (m_id, Genre) values (29, 'ROMANTIC');
insert into genre (m_id, Genre) values (21, 'ROMANTIC');
insert into genre (m_id, Genre) values (12, 'ROMANTIC');
insert into genre (m_id, Genre) values (2, 'ADVENTURE');
insert into genre (m_id, Genre) values (28, 'ROMANTIC');
insert into genre (m_id, Genre) values (33, 'ADVENTURE');
insert into genre (m_id, Genre) values (35, 'ROMANTIC');
insert into genre (m_id, Genre) values (24, 'ROMANTIC');
insert into genre (m_id, Genre) values (36, 'COMEDY');
insert into genre (m_id, Genre) values (3, 'ADVENTURE');
insert into genre (m_id, Genre) values (10, 'ADVENTURE');
insert into genre (m_id, Genre) values (50, 'ROMANTIC');
insert into genre (m_id, Genre) values (1, 'ADVENTURE');
insert into genre (m_id, Genre) values (45, 'ROMANTIC');
insert into genre (m_id, Genre) values (13, 'ADVENTURE');
insert into genre (m_id, Genre) values (22, 'ADVENTURE');
insert into genre (m_id, Genre) values (48, 'COMEDY');
insert into genre (m_id, Genre) values (30, 'COMEDY');
insert into genre (m_id, Genre) values (13, 'ADVENTURE');
insert into genre (m_id, Genre) values (9, 'HORROR');
insert into genre (m_id, Genre) values (48, 'ADVENTURE');
insert into genre (m_id, Genre) values (43, 'ROMANTIC');
insert into genre (m_id, Genre) values (9, 'ROMANTIC');
insert into genre (m_id, Genre) values (25, 'ADVENTURE');
insert into genre (m_id, Genre) values (9, 'ROMANTIC');
insert into genre (m_id, Genre) values (37, 'HORROR');
insert into genre (m_id, Genre) values (24, 'ADVENTURE');
insert into genre (m_id, Genre) values (11, 'COMEDY');
insert into genre (m_id, Genre) values (38, 'ADVENTURE');
insert into genre (m_id, Genre) values (43, 'ADVENTURE');
insert into genre (m_id, Genre) values (33, 'ADVENTURE');

/*Shows 25*/
insert into shows (show_id, date_time, price, t_id, weekend_price, m_id) values (1, '2020-01-14 20:09:36', 75, 4, 70, 44);
insert into shows (show_id, date_time, price, t_id, weekend_price, m_id) values (2, '2020-10-22 08:40:06', 290, 3, 75, 49);
insert into shows (show_id, date_time, price, t_id, weekend_price, m_id) values (3, '2020-02-20 23:36:22', 72, 4, 20, 41);
insert into shows (show_id, date_time, price, t_id, weekend_price, m_id) values (4, '2020-08-29 13:26:12', 56, 3, 27, 44);
insert into shows (show_id, date_time, price, t_id, weekend_price, m_id) values (5, '2020-08-23 09:50:13', 154, 3, 39, 41);
insert into shows (show_id, date_time, price, t_id, weekend_price, m_id) values (6, '2020-08-09 19:21:59', 361, 9, 83, 42);
insert into shows (show_id, date_time, price, t_id, weekend_price, m_id) values (7, '2020-05-23 21:36:17', 243, 2, 62, 40);
insert into shows (show_id, date_time, price, t_id, weekend_price, m_id) values (8, '2020-10-03 21:18:09', 221, 1, 49, 42);
insert into shows (show_id, date_time, price, t_id, weekend_price, m_id) values (9, '2020-05-24 07:51:04', 445, 10, 51, 45);
insert into shows (show_id, date_time, price, t_id, weekend_price, m_id) values (10, '2020-05-20 00:21:23', 86, 2, 73, 40);
insert into shows (show_id, date_time, price, t_id, weekend_price, m_id) values (11, '2020-10-20 17:07:24', 415, 5, 23, 44);
insert into shows (show_id, date_time, price, t_id, weekend_price, m_id) values (12, '2020-06-10 09:23:35', 364, 1, 38, 48);
insert into shows (show_id, date_time, price, t_id, weekend_price, m_id) values (13, '2019-11-05 04:17:00', 214, 8, 98, 43);
insert into shows (show_id, date_time, price, t_id, weekend_price, m_id) values (14, '2020-05-01 14:50:24', 85, 8, 38, 47);
insert into shows (show_id, date_time, price, t_id, weekend_price, m_id) values (15, '2020-02-16 06:45:29', 81, 10, 6, 49);
insert into shows (show_id, date_time, price, t_id, weekend_price, m_id) values (16, '2020-04-20 02:55:20', 268, 2, 72, 43);
insert into shows (show_id, date_time, price, t_id, weekend_price, m_id) values (17, '2020-03-05 06:16:10', 114, 9, 35, 49);
insert into shows (show_id, date_time, price, t_id, weekend_price, m_id) values (18, '2020-01-26 12:30:32', 105, 6, 87, 45);
insert into shows (show_id, date_time, price, t_id, weekend_price, m_id) values (19, '2019-11-24 02:53:47', 110, 8, 30, 48);
insert into shows (show_id, date_time, price, t_id, weekend_price, m_id) values (20, '2020-09-13 23:05:24', 332, 10, 16, 43);
insert into shows (show_id, date_time, price, t_id, weekend_price, m_id) values (21, '2020-01-11 11:42:49', 227, 4, 92, 41);
insert into shows (show_id, date_time, price, t_id, weekend_price, m_id) values (22, '2020-06-01 09:31:54', 121, 10, 9, 40);
insert into shows (show_id, date_time, price, t_id, weekend_price, m_id) values (23, '2020-08-14 21:25:46', 113, 8, 70, 48);
insert into shows (show_id, date_time, price, t_id, weekend_price, m_id) values (24, '2019-10-31 20:16:39', 191, 4, 9, 48);
insert into shows (show_id, date_time, price, t_id, weekend_price, m_id) values (25, '2019-11-11 20:02:41', 324, 1, 27, 45);

/*seats 535*/
insert into seats (s_id,allocated,seat_price,show_id) values (1,true,50,1);
insert into seats (s_id,allocated,seat_price,show_id) values (2,true,50,1);
insert into seats (s_id,allocated,seat_price,show_id) values (3,true,50,1);
insert into seats (s_id,allocated,seat_price,show_id) values (4,true,0,1);
insert into seats (s_id,allocated,seat_price,show_id) values (5,false,0,1);
insert into seats (s_id,allocated,seat_price,show_id) values (6,true,0,1);
insert into seats (s_id,allocated,seat_price,show_id) values (7,true,50,1);
insert into seats (s_id,allocated,seat_price,show_id) values (8,true,0,1);
insert into seats (s_id,allocated,seat_price,show_id) values (9,false,50,1);
insert into seats (s_id,allocated,seat_price,show_id) values (10,true,50,1);
insert into seats (s_id,allocated,seat_price,show_id) values (11,true,0,1);
insert into seats (s_id,allocated,seat_price,show_id) values (12,true,0,1);
insert into seats (s_id,allocated,seat_price,show_id) values (13,false,50,1);
insert into seats (s_id,allocated,seat_price,show_id) values (14,false,50,1);
insert into seats (s_id,allocated,seat_price,show_id) values (15,false,50,1);
insert into seats (s_id,allocated,seat_price,show_id) values (16,false,0,1);
insert into seats (s_id,allocated,seat_price,show_id) values (17,true,50,1);
insert into seats (s_id,allocated,seat_price,show_id) values (18,true,0,1);
insert into seats (s_id,allocated,seat_price,show_id) values (19,false,50,1);
insert into seats (s_id,allocated,seat_price,show_id) values (20,false,50,1);
insert into seats (s_id,allocated,seat_price,show_id) values (21,true,50,1);
insert into seats (s_id,allocated,seat_price,show_id) values (22,true,50,1);
insert into seats (s_id,allocated,seat_price,show_id) values (23,false,50,1);
insert into seats (s_id,allocated,seat_price,show_id) values (24,true,0,1);
insert into seats (s_id,allocated,seat_price,show_id) values (25,false,50,1);
insert into seats (s_id,allocated,seat_price,show_id) values (26,false,0,2);
insert into seats (s_id,allocated,seat_price,show_id) values (27,true,50,2);
insert into seats (s_id,allocated,seat_price,show_id) values (28,false,0,2);
insert into seats (s_id,allocated,seat_price,show_id) values (29,false,50,2);
insert into seats (s_id,allocated,seat_price,show_id) values (30,false,0,2);
insert into seats (s_id,allocated,seat_price,show_id) values (31,true,0,2);
insert into seats (s_id,allocated,seat_price,show_id) values (32,true,0,2);
insert into seats (s_id,allocated,seat_price,show_id) values (33,true,50,2);
insert into seats (s_id,allocated,seat_price,show_id) values (34,false,0,2);
insert into seats (s_id,allocated,seat_price,show_id) values (35,true,0,2);
insert into seats (s_id,allocated,seat_price,show_id) values (36,false,0,2);
insert into seats (s_id,allocated,seat_price,show_id) values (37,false,0,2);
insert into seats (s_id,allocated,seat_price,show_id) values (38,false,0,2);
insert into seats (s_id,allocated,seat_price,show_id) values (39,true,0,2);
insert into seats (s_id,allocated,seat_price,show_id) values (40,false,50,2);
insert into seats (s_id,allocated,seat_price,show_id) values (41,false,50,2);
insert into seats (s_id,allocated,seat_price,show_id) values (42,true,0,2);
insert into seats (s_id,allocated,seat_price,show_id) values (43,true,0,2);
insert into seats (s_id,allocated,seat_price,show_id) values (44,true,50,2);
insert into seats (s_id,allocated,seat_price,show_id) values (45,true,0,2);
insert into seats (s_id,allocated,seat_price,show_id) values (46,false,50,2);
insert into seats (s_id,allocated,seat_price,show_id) values (47,true,50,2);
insert into seats (s_id,allocated,seat_price,show_id) values (48,true,0,2);
insert into seats (s_id,allocated,seat_price,show_id) values (49,false,0,2);
insert into seats (s_id,allocated,seat_price,show_id) values (50,false,50,2);
insert into seats (s_id,allocated,seat_price,show_id) values (51,false,0,3);
insert into seats (s_id,allocated,seat_price,show_id) values (52,true,50,3);
insert into seats (s_id,allocated,seat_price,show_id) values (53,true,50,3);
insert into seats (s_id,allocated,seat_price,show_id) values (54,false,0,3);
insert into seats (s_id,allocated,seat_price,show_id) values (55,true,50,3);
insert into seats (s_id,allocated,seat_price,show_id) values (56,false,50,3);
insert into seats (s_id,allocated,seat_price,show_id) values (57,false,0,3);
insert into seats (s_id,allocated,seat_price,show_id) values (58,false,50,3);
insert into seats (s_id,allocated,seat_price,show_id) values (59,false,50,3);
insert into seats (s_id,allocated,seat_price,show_id) values (60,false,50,3);
insert into seats (s_id,allocated,seat_price,show_id) values (61,true,0,3);
insert into seats (s_id,allocated,seat_price,show_id) values (62,true,0,3);
insert into seats (s_id,allocated,seat_price,show_id) values (63,true,50,3);
insert into seats (s_id,allocated,seat_price,show_id) values (64,true,50,3);
insert into seats (s_id,allocated,seat_price,show_id) values (65,true,0,3);
insert into seats (s_id,allocated,seat_price,show_id) values (66,false,50,3);
insert into seats (s_id,allocated,seat_price,show_id) values (67,false,0,3);
insert into seats (s_id,allocated,seat_price,show_id) values (68,false,50,3);
insert into seats (s_id,allocated,seat_price,show_id) values (69,false,50,3);
insert into seats (s_id,allocated,seat_price,show_id) values (70,true,50,3);
insert into seats (s_id,allocated,seat_price,show_id) values (71,false,50,3);
insert into seats (s_id,allocated,seat_price,show_id) values (72,true,50,3);
insert into seats (s_id,allocated,seat_price,show_id) values (73,false,0,3);
insert into seats (s_id,allocated,seat_price,show_id) values (74,true,50,3);
insert into seats (s_id,allocated,seat_price,show_id) values (75,false,50,3);
insert into seats (s_id,allocated,seat_price,show_id) values (76,false,0,4);
insert into seats (s_id,allocated,seat_price,show_id) values (77,true,50,4);
insert into seats (s_id,allocated,seat_price,show_id) values (78,true,0,4);
insert into seats (s_id,allocated,seat_price,show_id) values (79,true,0,4);
insert into seats (s_id,allocated,seat_price,show_id) values (80,false,50,4);
insert into seats (s_id,allocated,seat_price,show_id) values (81,true,0,4);
insert into seats (s_id,allocated,seat_price,show_id) values (82,true,50,4);
insert into seats (s_id,allocated,seat_price,show_id) values (83,true,50,4);
insert into seats (s_id,allocated,seat_price,show_id) values (84,true,0,4);
insert into seats (s_id,allocated,seat_price,show_id) values (85,true,50,4);
insert into seats (s_id,allocated,seat_price,show_id) values (86,false,50,4);
insert into seats (s_id,allocated,seat_price,show_id) values (87,false,0,4);
insert into seats (s_id,allocated,seat_price,show_id) values (88,false,50,4);
insert into seats (s_id,allocated,seat_price,show_id) values (89,false,50,4);
insert into seats (s_id,allocated,seat_price,show_id) values (90,true,0,4);
insert into seats (s_id,allocated,seat_price,show_id) values (91,true,0,4);
insert into seats (s_id,allocated,seat_price,show_id) values (92,true,0,5);
insert into seats (s_id,allocated,seat_price,show_id) values (93,false,0,5);
insert into seats (s_id,allocated,seat_price,show_id) values (94,true,0,5);
insert into seats (s_id,allocated,seat_price,show_id) values (95,false,0,5);
insert into seats (s_id,allocated,seat_price,show_id) values (96,true,0,5);
insert into seats (s_id,allocated,seat_price,show_id) values (97,false,0,5);
insert into seats (s_id,allocated,seat_price,show_id) values (98,false,0,5);
insert into seats (s_id,allocated,seat_price,show_id) values (99,true,50,5);
insert into seats (s_id,allocated,seat_price,show_id) values (100,false,0,5);
insert into seats (s_id,allocated,seat_price,show_id) values (101,true,0,5);
insert into seats (s_id,allocated,seat_price,show_id) values (102,false,50,5);
insert into seats (s_id,allocated,seat_price,show_id) values (103,true,50,5);
insert into seats (s_id,allocated,seat_price,show_id) values (104,true,50,5);
insert into seats (s_id,allocated,seat_price,show_id) values (105,false,50,5);
insert into seats (s_id,allocated,seat_price,show_id) values (106,false,50,5);
insert into seats (s_id,allocated,seat_price,show_id) values (107,false,50,5);
insert into seats (s_id,allocated,seat_price,show_id) values (108,true,0,5);
insert into seats (s_id,allocated,seat_price,show_id) values (109,true,50,5);
insert into seats (s_id,allocated,seat_price,show_id) values (110,true,0,5);
insert into seats (s_id,allocated,seat_price,show_id) values (111,true,0,5);
insert into seats (s_id,allocated,seat_price,show_id) values (112,false,50,5);
insert into seats (s_id,allocated,seat_price,show_id) values (113,false,0,5);
insert into seats (s_id,allocated,seat_price,show_id) values (114,false,0,5);
insert into seats (s_id,allocated,seat_price,show_id) values (115,false,0,5);
insert into seats (s_id,allocated,seat_price,show_id) values (116,false,50,5);
insert into seats (s_id,allocated,seat_price,show_id) values (117,false,50,6);
insert into seats (s_id,allocated,seat_price,show_id) values (118,true,50,6);
insert into seats (s_id,allocated,seat_price,show_id) values (119,false,50,6);
insert into seats (s_id,allocated,seat_price,show_id) values (120,true,0,6);
insert into seats (s_id,allocated,seat_price,show_id) values (121,false,0,6);
insert into seats (s_id,allocated,seat_price,show_id) values (122,true,50,6);
insert into seats (s_id,allocated,seat_price,show_id) values (123,true,0,6);
insert into seats (s_id,allocated,seat_price,show_id) values (124,true,50,6);
insert into seats (s_id,allocated,seat_price,show_id) values (125,true,0,6);
insert into seats (s_id,allocated,seat_price,show_id) values (126,false,0,6);
insert into seats (s_id,allocated,seat_price,show_id) values (127,false,50,6);
insert into seats (s_id,allocated,seat_price,show_id) values (128,false,0,6);
insert into seats (s_id,allocated,seat_price,show_id) values (129,false,0,6);
insert into seats (s_id,allocated,seat_price,show_id) values (130,false,50,6);
insert into seats (s_id,allocated,seat_price,show_id) values (131,true,50,6);
insert into seats (s_id,allocated,seat_price,show_id) values (132,true,0,6);
insert into seats (s_id,allocated,seat_price,show_id) values (133,false,0,6);
insert into seats (s_id,allocated,seat_price,show_id) values (134,false,0,6);
insert into seats (s_id,allocated,seat_price,show_id) values (135,true,50,6);
insert into seats (s_id,allocated,seat_price,show_id) values (136,false,0,6);
insert into seats (s_id,allocated,seat_price,show_id) values (137,false,0,6);
insert into seats (s_id,allocated,seat_price,show_id) values (138,false,0,6);
insert into seats (s_id,allocated,seat_price,show_id) values (139,false,0,6);
insert into seats (s_id,allocated,seat_price,show_id) values (140,false,50,6);
insert into seats (s_id,allocated,seat_price,show_id) values (141,false,50,6);
insert into seats (s_id,allocated,seat_price,show_id) values (142,false,0,7);
insert into seats (s_id,allocated,seat_price,show_id) values (143,false,0,7);
insert into seats (s_id,allocated,seat_price,show_id) values (144,true,50,7);
insert into seats (s_id,allocated,seat_price,show_id) values (145,false,0,7);
insert into seats (s_id,allocated,seat_price,show_id) values (146,true,0,7);
insert into seats (s_id,allocated,seat_price,show_id) values (147,false,50,7);
insert into seats (s_id,allocated,seat_price,show_id) values (148,false,0,7);
insert into seats (s_id,allocated,seat_price,show_id) values (149,false,0,7);
insert into seats (s_id,allocated,seat_price,show_id) values (150,false,50,7);
insert into seats (s_id,allocated,seat_price,show_id) values (151,false,0,7);
insert into seats (s_id,allocated,seat_price,show_id) values (152,true,50,7);
insert into seats (s_id,allocated,seat_price,show_id) values (153,false,0,7);
insert into seats (s_id,allocated,seat_price,show_id) values (154,false,0,7);
insert into seats (s_id,allocated,seat_price,show_id) values (155,false,50,7);
insert into seats (s_id,allocated,seat_price,show_id) values (156,true,0,7);
insert into seats (s_id,allocated,seat_price,show_id) values (157,false,0,7);
insert into seats (s_id,allocated,seat_price,show_id) values (158,false,0,7);
insert into seats (s_id,allocated,seat_price,show_id) values (159,false,0,7);
insert into seats (s_id,allocated,seat_price,show_id) values (160,false,50,7);
insert into seats (s_id,allocated,seat_price,show_id) values (161,true,0,7);
insert into seats (s_id,allocated,seat_price,show_id) values (162,true,0,7);
insert into seats (s_id,allocated,seat_price,show_id) values (163,false,50,7);
insert into seats (s_id,allocated,seat_price,show_id) values (164,true,50,7);
insert into seats (s_id,allocated,seat_price,show_id) values (165,false,0,7);
insert into seats (s_id,allocated,seat_price,show_id) values (166,true,50,7);
insert into seats (s_id,allocated,seat_price,show_id) values (167,true,0,8);
insert into seats (s_id,allocated,seat_price,show_id) values (168,false,50,8);
insert into seats (s_id,allocated,seat_price,show_id) values (169,false,0,8);
insert into seats (s_id,allocated,seat_price,show_id) values (170,true,50,8);
insert into seats (s_id,allocated,seat_price,show_id) values (171,true,0,8);
insert into seats (s_id,allocated,seat_price,show_id) values (172,false,50,8);
insert into seats (s_id,allocated,seat_price,show_id) values (173,false,50,8);
insert into seats (s_id,allocated,seat_price,show_id) values (174,false,0,8);
insert into seats (s_id,allocated,seat_price,show_id) values (175,false,0,8);
insert into seats (s_id,allocated,seat_price,show_id) values (176,false,50,8);
insert into seats (s_id,allocated,seat_price,show_id) values (177,true,50,8);
insert into seats (s_id,allocated,seat_price,show_id) values (178,false,50,8);
insert into seats (s_id,allocated,seat_price,show_id) values (179,false,0,8);
insert into seats (s_id,allocated,seat_price,show_id) values (180,false,50,8);
insert into seats (s_id,allocated,seat_price,show_id) values (181,true,50,8);
insert into seats (s_id,allocated,seat_price,show_id) values (182,false,50,8);
insert into seats (s_id,allocated,seat_price,show_id) values (183,false,50,8);
insert into seats (s_id,allocated,seat_price,show_id) values (184,true,50,8);
insert into seats (s_id,allocated,seat_price,show_id) values (185,true,50,8);
insert into seats (s_id,allocated,seat_price,show_id) values (186,false,50,8);
insert into seats (s_id,allocated,seat_price,show_id) values (187,false,50,8);
insert into seats (s_id,allocated,seat_price,show_id) values (188,true,0,8);
insert into seats (s_id,allocated,seat_price,show_id) values (189,true,0,8);
insert into seats (s_id,allocated,seat_price,show_id) values (190,true,50,8);
insert into seats (s_id,allocated,seat_price,show_id) values (191,false,50,8);
insert into seats (s_id,allocated,seat_price,show_id) values (192,true,0,9);
insert into seats (s_id,allocated,seat_price,show_id) values (193,true,0,9);
insert into seats (s_id,allocated,seat_price,show_id) values (194,true,0,9);
insert into seats (s_id,allocated,seat_price,show_id) values (195,true,0,9);
insert into seats (s_id,allocated,seat_price,show_id) values (196,true,50,9);
insert into seats (s_id,allocated,seat_price,show_id) values (197,false,50,9);
insert into seats (s_id,allocated,seat_price,show_id) values (198,true,0,9);
insert into seats (s_id,allocated,seat_price,show_id) values (199,false,50,9);
insert into seats (s_id,allocated,seat_price,show_id) values (200,true,50,9);
insert into seats (s_id,allocated,seat_price,show_id) values (201,false,50,9);
insert into seats (s_id,allocated,seat_price,show_id) values (202,true,0,9);
insert into seats (s_id,allocated,seat_price,show_id) values (203,true,0,9);
insert into seats (s_id,allocated,seat_price,show_id) values (204,true,0,9);
insert into seats (s_id,allocated,seat_price,show_id) values (205,true,0,9);
insert into seats (s_id,allocated,seat_price,show_id) values (206,true,0,9);
insert into seats (s_id,allocated,seat_price,show_id) values (207,true,50,9);
insert into seats (s_id,allocated,seat_price,show_id) values (208,true,50,10);
insert into seats (s_id,allocated,seat_price,show_id) values (209,true,50,10);
insert into seats (s_id,allocated,seat_price,show_id) values (210,true,50,10);
insert into seats (s_id,allocated,seat_price,show_id) values (211,true,0,10);
insert into seats (s_id,allocated,seat_price,show_id) values (212,false,0,10);
insert into seats (s_id,allocated,seat_price,show_id) values (213,false,50,10);
insert into seats (s_id,allocated,seat_price,show_id) values (214,false,50,10);
insert into seats (s_id,allocated,seat_price,show_id) values (215,true,0,10);
insert into seats (s_id,allocated,seat_price,show_id) values (216,true,50,10);
insert into seats (s_id,allocated,seat_price,show_id) values (217,false,50,10);
insert into seats (s_id,allocated,seat_price,show_id) values (218,false,50,10);
insert into seats (s_id,allocated,seat_price,show_id) values (219,true,50,10);
insert into seats (s_id,allocated,seat_price,show_id) values (220,true,0,10);
insert into seats (s_id,allocated,seat_price,show_id) values (221,true,50,10);
insert into seats (s_id,allocated,seat_price,show_id) values (222,false,0,10);
insert into seats (s_id,allocated,seat_price,show_id) values (223,true,50,10);
insert into seats (s_id,allocated,seat_price,show_id) values (224,false,50,11);
insert into seats (s_id,allocated,seat_price,show_id) values (225,false,50,11);
insert into seats (s_id,allocated,seat_price,show_id) values (226,true,50,11);
insert into seats (s_id,allocated,seat_price,show_id) values (227,false,0,11);
insert into seats (s_id,allocated,seat_price,show_id) values (228,true,50,11);
insert into seats (s_id,allocated,seat_price,show_id) values (229,true,0,11);
insert into seats (s_id,allocated,seat_price,show_id) values (230,false,0,11);
insert into seats (s_id,allocated,seat_price,show_id) values (231,false,0,11);
insert into seats (s_id,allocated,seat_price,show_id) values (232,true,0,11);
insert into seats (s_id,allocated,seat_price,show_id) values (233,false,50,11);
insert into seats (s_id,allocated,seat_price,show_id) values (234,false,50,11);
insert into seats (s_id,allocated,seat_price,show_id) values (235,true,0,11);
insert into seats (s_id,allocated,seat_price,show_id) values (236,true,0,11);
insert into seats (s_id,allocated,seat_price,show_id) values (237,false,0,11);
insert into seats (s_id,allocated,seat_price,show_id) values (238,false,50,11);
insert into seats (s_id,allocated,seat_price,show_id) values (239,true,0,11);
insert into seats (s_id,allocated,seat_price,show_id) values (240,false,50,12);
insert into seats (s_id,allocated,seat_price,show_id) values (241,true,50,12);
insert into seats (s_id,allocated,seat_price,show_id) values (242,true,50,12);
insert into seats (s_id,allocated,seat_price,show_id) values (243,true,0,12);
insert into seats (s_id,allocated,seat_price,show_id) values (244,true,50,12);
insert into seats (s_id,allocated,seat_price,show_id) values (245,false,50,12);
insert into seats (s_id,allocated,seat_price,show_id) values (246,false,50,12);
insert into seats (s_id,allocated,seat_price,show_id) values (247,false,0,12);
insert into seats (s_id,allocated,seat_price,show_id) values (248,false,50,12);
insert into seats (s_id,allocated,seat_price,show_id) values (249,true,0,12);
insert into seats (s_id,allocated,seat_price,show_id) values (250,true,0,12);
insert into seats (s_id,allocated,seat_price,show_id) values (251,true,0,12);
insert into seats (s_id,allocated,seat_price,show_id) values (252,false,50,12);
insert into seats (s_id,allocated,seat_price,show_id) values (253,false,50,12);
insert into seats (s_id,allocated,seat_price,show_id) values (254,true,50,12);
insert into seats (s_id,allocated,seat_price,show_id) values (255,true,0,12);
insert into seats (s_id,allocated,seat_price,show_id) values (256,false,0,12);
insert into seats (s_id,allocated,seat_price,show_id) values (257,true,50,12);
insert into seats (s_id,allocated,seat_price,show_id) values (258,true,0,12);
insert into seats (s_id,allocated,seat_price,show_id) values (259,true,50,12);
insert into seats (s_id,allocated,seat_price,show_id) values (260,false,0,12);
insert into seats (s_id,allocated,seat_price,show_id) values (261,false,50,12);
insert into seats (s_id,allocated,seat_price,show_id) values (262,false,0,12);
insert into seats (s_id,allocated,seat_price,show_id) values (263,false,0,12);
insert into seats (s_id,allocated,seat_price,show_id) values (264,true,0,12);
insert into seats (s_id,allocated,seat_price,show_id) values (265,true,0,13);
insert into seats (s_id,allocated,seat_price,show_id) values (266,false,50,13);
insert into seats (s_id,allocated,seat_price,show_id) values (267,false,0,13);
insert into seats (s_id,allocated,seat_price,show_id) values (268,true,50,13);
insert into seats (s_id,allocated,seat_price,show_id) values (269,true,0,13);
insert into seats (s_id,allocated,seat_price,show_id) values (270,false,0,13);
insert into seats (s_id,allocated,seat_price,show_id) values (271,true,50,13);
insert into seats (s_id,allocated,seat_price,show_id) values (272,false,50,13);
insert into seats (s_id,allocated,seat_price,show_id) values (273,true,50,13);
insert into seats (s_id,allocated,seat_price,show_id) values (274,false,50,13);
insert into seats (s_id,allocated,seat_price,show_id) values (275,false,0,13);
insert into seats (s_id,allocated,seat_price,show_id) values (276,false,50,13);
insert into seats (s_id,allocated,seat_price,show_id) values (277,false,50,13);
insert into seats (s_id,allocated,seat_price,show_id) values (278,true,0,13);
insert into seats (s_id,allocated,seat_price,show_id) values (279,false,50,13);
insert into seats (s_id,allocated,seat_price,show_id) values (280,true,50,13);
insert into seats (s_id,allocated,seat_price,show_id) values (281,false,50,14);
insert into seats (s_id,allocated,seat_price,show_id) values (282,false,50,14);
insert into seats (s_id,allocated,seat_price,show_id) values (283,false,50,14);
insert into seats (s_id,allocated,seat_price,show_id) values (284,true,50,14);
insert into seats (s_id,allocated,seat_price,show_id) values (285,false,0,14);
insert into seats (s_id,allocated,seat_price,show_id) values (286,false,50,14);
insert into seats (s_id,allocated,seat_price,show_id) values (287,true,50,14);
insert into seats (s_id,allocated,seat_price,show_id) values (288,true,0,14);
insert into seats (s_id,allocated,seat_price,show_id) values (289,false,0,14);
insert into seats (s_id,allocated,seat_price,show_id) values (290,true,50,14);
insert into seats (s_id,allocated,seat_price,show_id) values (291,true,0,14);
insert into seats (s_id,allocated,seat_price,show_id) values (292,false,50,14);
insert into seats (s_id,allocated,seat_price,show_id) values (293,false,0,14);
insert into seats (s_id,allocated,seat_price,show_id) values (294,true,50,14);
insert into seats (s_id,allocated,seat_price,show_id) values (295,true,50,14);
insert into seats (s_id,allocated,seat_price,show_id) values (296,false,50,14);
insert into seats (s_id,allocated,seat_price,show_id) values (297,false,0,14);
insert into seats (s_id,allocated,seat_price,show_id) values (298,true,50,14);
insert into seats (s_id,allocated,seat_price,show_id) values (299,false,0,14);
insert into seats (s_id,allocated,seat_price,show_id) values (300,true,0,14);
insert into seats (s_id,allocated,seat_price,show_id) values (301,true,0,14);
insert into seats (s_id,allocated,seat_price,show_id) values (302,false,0,14);
insert into seats (s_id,allocated,seat_price,show_id) values (303,false,0,14);
insert into seats (s_id,allocated,seat_price,show_id) values (304,true,50,14);
insert into seats (s_id,allocated,seat_price,show_id) values (305,true,0,14);
insert into seats (s_id,allocated,seat_price,show_id) values (306,true,0,15);
insert into seats (s_id,allocated,seat_price,show_id) values (307,false,0,15);
insert into seats (s_id,allocated,seat_price,show_id) values (308,true,0,15);
insert into seats (s_id,allocated,seat_price,show_id) values (309,true,50,15);
insert into seats (s_id,allocated,seat_price,show_id) values (310,true,0,15);
insert into seats (s_id,allocated,seat_price,show_id) values (311,true,50,15);
insert into seats (s_id,allocated,seat_price,show_id) values (312,false,0,15);
insert into seats (s_id,allocated,seat_price,show_id) values (313,false,0,15);
insert into seats (s_id,allocated,seat_price,show_id) values (314,false,50,15);
insert into seats (s_id,allocated,seat_price,show_id) values (315,true,0,15);
insert into seats (s_id,allocated,seat_price,show_id) values (316,false,0,15);
insert into seats (s_id,allocated,seat_price,show_id) values (317,false,0,15);
insert into seats (s_id,allocated,seat_price,show_id) values (318,false,0,15);
insert into seats (s_id,allocated,seat_price,show_id) values (319,false,50,15);
insert into seats (s_id,allocated,seat_price,show_id) values (320,true,0,15);
insert into seats (s_id,allocated,seat_price,show_id) values (321,true,0,15);
insert into seats (s_id,allocated,seat_price,show_id) values (322,true,50,15);
insert into seats (s_id,allocated,seat_price,show_id) values (323,false,0,15);
insert into seats (s_id,allocated,seat_price,show_id) values (324,true,0,15);
insert into seats (s_id,allocated,seat_price,show_id) values (325,true,0,15);
insert into seats (s_id,allocated,seat_price,show_id) values (326,false,0,15);
insert into seats (s_id,allocated,seat_price,show_id) values (327,true,50,15);
insert into seats (s_id,allocated,seat_price,show_id) values (328,true,0,15);
insert into seats (s_id,allocated,seat_price,show_id) values (329,false,0,15);
insert into seats (s_id,allocated,seat_price,show_id) values (330,false,50,15);
insert into seats (s_id,allocated,seat_price,show_id) values (331,false,0,16);
insert into seats (s_id,allocated,seat_price,show_id) values (332,true,50,16);
insert into seats (s_id,allocated,seat_price,show_id) values (333,true,50,16);
insert into seats (s_id,allocated,seat_price,show_id) values (334,true,0,16);
insert into seats (s_id,allocated,seat_price,show_id) values (335,false,50,16);
insert into seats (s_id,allocated,seat_price,show_id) values (336,false,0,16);
insert into seats (s_id,allocated,seat_price,show_id) values (337,false,50,16);
insert into seats (s_id,allocated,seat_price,show_id) values (338,false,0,16);
insert into seats (s_id,allocated,seat_price,show_id) values (339,true,50,16);
insert into seats (s_id,allocated,seat_price,show_id) values (340,false,50,16);
insert into seats (s_id,allocated,seat_price,show_id) values (341,false,50,16);
insert into seats (s_id,allocated,seat_price,show_id) values (342,false,50,16);
insert into seats (s_id,allocated,seat_price,show_id) values (343,false,50,16);
insert into seats (s_id,allocated,seat_price,show_id) values (344,false,50,16);
insert into seats (s_id,allocated,seat_price,show_id) values (345,false,50,16);
insert into seats (s_id,allocated,seat_price,show_id) values (346,false,0,16);
insert into seats (s_id,allocated,seat_price,show_id) values (347,true,0,16);
insert into seats (s_id,allocated,seat_price,show_id) values (348,true,50,16);
insert into seats (s_id,allocated,seat_price,show_id) values (349,false,50,16);
insert into seats (s_id,allocated,seat_price,show_id) values (350,false,50,16);
insert into seats (s_id,allocated,seat_price,show_id) values (351,true,50,16);
insert into seats (s_id,allocated,seat_price,show_id) values (352,false,50,16);
insert into seats (s_id,allocated,seat_price,show_id) values (353,false,0,16);
insert into seats (s_id,allocated,seat_price,show_id) values (354,true,0,16);
insert into seats (s_id,allocated,seat_price,show_id) values (355,false,0,16);
insert into seats (s_id,allocated,seat_price,show_id) values (356,false,50,17);
insert into seats (s_id,allocated,seat_price,show_id) values (357,false,50,17);
insert into seats (s_id,allocated,seat_price,show_id) values (358,false,0,17);
insert into seats (s_id,allocated,seat_price,show_id) values (359,false,50,17);
insert into seats (s_id,allocated,seat_price,show_id) values (360,false,50,17);
insert into seats (s_id,allocated,seat_price,show_id) values (361,false,50,17);
insert into seats (s_id,allocated,seat_price,show_id) values (362,false,0,17);
insert into seats (s_id,allocated,seat_price,show_id) values (363,true,0,17);
insert into seats (s_id,allocated,seat_price,show_id) values (364,false,0,17);
insert into seats (s_id,allocated,seat_price,show_id) values (365,false,0,17);
insert into seats (s_id,allocated,seat_price,show_id) values (366,false,0,17);
insert into seats (s_id,allocated,seat_price,show_id) values (367,true,0,17);
insert into seats (s_id,allocated,seat_price,show_id) values (368,true,0,17);
insert into seats (s_id,allocated,seat_price,show_id) values (369,true,50,17);
insert into seats (s_id,allocated,seat_price,show_id) values (370,true,0,17);
insert into seats (s_id,allocated,seat_price,show_id) values (371,true,0,17);
insert into seats (s_id,allocated,seat_price,show_id) values (372,false,50,17);
insert into seats (s_id,allocated,seat_price,show_id) values (373,true,50,17);
insert into seats (s_id,allocated,seat_price,show_id) values (374,true,50,17);
insert into seats (s_id,allocated,seat_price,show_id) values (375,true,50,17);
insert into seats (s_id,allocated,seat_price,show_id) values (376,false,50,17);
insert into seats (s_id,allocated,seat_price,show_id) values (377,true,0,17);
insert into seats (s_id,allocated,seat_price,show_id) values (378,true,50,17);
insert into seats (s_id,allocated,seat_price,show_id) values (379,false,0,17);
insert into seats (s_id,allocated,seat_price,show_id) values (380,false,50,17);
insert into seats (s_id,allocated,seat_price,show_id) values (381,false,0,18);
insert into seats (s_id,allocated,seat_price,show_id) values (382,false,50,18);
insert into seats (s_id,allocated,seat_price,show_id) values (383,true,50,18);
insert into seats (s_id,allocated,seat_price,show_id) values (384,false,50,18);
insert into seats (s_id,allocated,seat_price,show_id) values (385,false,0,18);
insert into seats (s_id,allocated,seat_price,show_id) values (386,true,0,18);
insert into seats (s_id,allocated,seat_price,show_id) values (387,false,50,18);
insert into seats (s_id,allocated,seat_price,show_id) values (388,true,0,18);
insert into seats (s_id,allocated,seat_price,show_id) values (389,false,0,18);
insert into seats (s_id,allocated,seat_price,show_id) values (390,false,0,18);
insert into seats (s_id,allocated,seat_price,show_id) values (391,true,0,18);
insert into seats (s_id,allocated,seat_price,show_id) values (392,false,0,18);
insert into seats (s_id,allocated,seat_price,show_id) values (393,true,0,18);
insert into seats (s_id,allocated,seat_price,show_id) values (394,false,0,18);
insert into seats (s_id,allocated,seat_price,show_id) values (395,true,0,18);
insert into seats (s_id,allocated,seat_price,show_id) values (396,false,50,18);
insert into seats (s_id,allocated,seat_price,show_id) values (397,false,0,19);
insert into seats (s_id,allocated,seat_price,show_id) values (398,true,50,19);
insert into seats (s_id,allocated,seat_price,show_id) values (399,true,50,19);
insert into seats (s_id,allocated,seat_price,show_id) values (400,true,50,19);
insert into seats (s_id,allocated,seat_price,show_id) values (401,false,0,19);
insert into seats (s_id,allocated,seat_price,show_id) values (402,true,50,19);
insert into seats (s_id,allocated,seat_price,show_id) values (403,true,50,19);
insert into seats (s_id,allocated,seat_price,show_id) values (404,true,50,19);
insert into seats (s_id,allocated,seat_price,show_id) values (405,true,50,19);
insert into seats (s_id,allocated,seat_price,show_id) values (406,true,0,19);
insert into seats (s_id,allocated,seat_price,show_id) values (407,true,50,19);
insert into seats (s_id,allocated,seat_price,show_id) values (408,false,50,19);
insert into seats (s_id,allocated,seat_price,show_id) values (409,false,50,19);
insert into seats (s_id,allocated,seat_price,show_id) values (410,true,50,19);
insert into seats (s_id,allocated,seat_price,show_id) values (411,true,50,19);
insert into seats (s_id,allocated,seat_price,show_id) values (412,true,50,19);
insert into seats (s_id,allocated,seat_price,show_id) values (413,false,0,20);
insert into seats (s_id,allocated,seat_price,show_id) values (414,true,0,20);
insert into seats (s_id,allocated,seat_price,show_id) values (415,false,0,20);
insert into seats (s_id,allocated,seat_price,show_id) values (416,true,0,20);
insert into seats (s_id,allocated,seat_price,show_id) values (417,true,50,20);
insert into seats (s_id,allocated,seat_price,show_id) values (418,false,50,20);
insert into seats (s_id,allocated,seat_price,show_id) values (419,false,0,20);
insert into seats (s_id,allocated,seat_price,show_id) values (420,true,0,20);
insert into seats (s_id,allocated,seat_price,show_id) values (421,true,50,20);
insert into seats (s_id,allocated,seat_price,show_id) values (422,false,50,20);
insert into seats (s_id,allocated,seat_price,show_id) values (423,true,50,20);
insert into seats (s_id,allocated,seat_price,show_id) values (424,true,0,20);
insert into seats (s_id,allocated,seat_price,show_id) values (425,true,0,20);
insert into seats (s_id,allocated,seat_price,show_id) values (426,true,0,20);
insert into seats (s_id,allocated,seat_price,show_id) values (427,true,0,20);
insert into seats (s_id,allocated,seat_price,show_id) values (428,true,0,20);
insert into seats (s_id,allocated,seat_price,show_id) values (429,true,0,20);
insert into seats (s_id,allocated,seat_price,show_id) values (430,false,50,20);
insert into seats (s_id,allocated,seat_price,show_id) values (431,false,50,20);
insert into seats (s_id,allocated,seat_price,show_id) values (432,true,50,20);
insert into seats (s_id,allocated,seat_price,show_id) values (433,false,50,20);
insert into seats (s_id,allocated,seat_price,show_id) values (434,true,0,20);
insert into seats (s_id,allocated,seat_price,show_id) values (435,true,50,20);
insert into seats (s_id,allocated,seat_price,show_id) values (436,false,0,20);
insert into seats (s_id,allocated,seat_price,show_id) values (437,true,0,20);
insert into seats (s_id,allocated,seat_price,show_id) values (438,false,50,21);
insert into seats (s_id,allocated,seat_price,show_id) values (439,true,50,21);
insert into seats (s_id,allocated,seat_price,show_id) values (440,true,50,21);
insert into seats (s_id,allocated,seat_price,show_id) values (441,false,50,21);
insert into seats (s_id,allocated,seat_price,show_id) values (442,true,0,21);
insert into seats (s_id,allocated,seat_price,show_id) values (443,true,0,21);
insert into seats (s_id,allocated,seat_price,show_id) values (444,false,50,21);
insert into seats (s_id,allocated,seat_price,show_id) values (445,true,50,21);
insert into seats (s_id,allocated,seat_price,show_id) values (446,true,50,21);
insert into seats (s_id,allocated,seat_price,show_id) values (447,true,50,21);
insert into seats (s_id,allocated,seat_price,show_id) values (448,false,50,21);
insert into seats (s_id,allocated,seat_price,show_id) values (449,true,50,21);
insert into seats (s_id,allocated,seat_price,show_id) values (450,true,50,21);
insert into seats (s_id,allocated,seat_price,show_id) values (451,false,0,21);
insert into seats (s_id,allocated,seat_price,show_id) values (452,false,50,21);
insert into seats (s_id,allocated,seat_price,show_id) values (453,false,50,21);
insert into seats (s_id,allocated,seat_price,show_id) values (454,false,0,22);
insert into seats (s_id,allocated,seat_price,show_id) values (455,true,50,22);
insert into seats (s_id,allocated,seat_price,show_id) values (456,true,50,22);
insert into seats (s_id,allocated,seat_price,show_id) values (457,true,50,22);
insert into seats (s_id,allocated,seat_price,show_id) values (458,false,0,22);
insert into seats (s_id,allocated,seat_price,show_id) values (459,true,50,22);
insert into seats (s_id,allocated,seat_price,show_id) values (460,false,50,22);
insert into seats (s_id,allocated,seat_price,show_id) values (461,true,50,22);
insert into seats (s_id,allocated,seat_price,show_id) values (462,true,0,22);
insert into seats (s_id,allocated,seat_price,show_id) values (463,false,0,22);
insert into seats (s_id,allocated,seat_price,show_id) values (464,true,0,22);
insert into seats (s_id,allocated,seat_price,show_id) values (465,false,50,22);
insert into seats (s_id,allocated,seat_price,show_id) values (466,true,0,22);
insert into seats (s_id,allocated,seat_price,show_id) values (467,false,50,22);
insert into seats (s_id,allocated,seat_price,show_id) values (468,false,50,22);
insert into seats (s_id,allocated,seat_price,show_id) values (469,false,0,22);
insert into seats (s_id,allocated,seat_price,show_id) values (470,false,0,23);
insert into seats (s_id,allocated,seat_price,show_id) values (471,false,50,23);
insert into seats (s_id,allocated,seat_price,show_id) values (472,false,50,23);
insert into seats (s_id,allocated,seat_price,show_id) values (473,false,50,23);
insert into seats (s_id,allocated,seat_price,show_id) values (474,false,50,23);
insert into seats (s_id,allocated,seat_price,show_id) values (475,false,50,23);
insert into seats (s_id,allocated,seat_price,show_id) values (476,true,50,23);
insert into seats (s_id,allocated,seat_price,show_id) values (477,false,50,23);
insert into seats (s_id,allocated,seat_price,show_id) values (478,true,50,23);
insert into seats (s_id,allocated,seat_price,show_id) values (479,true,0,23);
insert into seats (s_id,allocated,seat_price,show_id) values (480,true,50,23);
insert into seats (s_id,allocated,seat_price,show_id) values (481,false,50,23);
insert into seats (s_id,allocated,seat_price,show_id) values (482,false,50,23);
insert into seats (s_id,allocated,seat_price,show_id) values (483,true,50,23);
insert into seats (s_id,allocated,seat_price,show_id) values (484,true,0,23);
insert into seats (s_id,allocated,seat_price,show_id) values (485,false,50,23);
insert into seats (s_id,allocated,seat_price,show_id) values (486,true,50,23);
insert into seats (s_id,allocated,seat_price,show_id) values (487,true,0,23);
insert into seats (s_id,allocated,seat_price,show_id) values (488,true,0,23);
insert into seats (s_id,allocated,seat_price,show_id) values (489,true,0,23);
insert into seats (s_id,allocated,seat_price,show_id) values (490,true,50,23);
insert into seats (s_id,allocated,seat_price,show_id) values (491,true,0,23);
insert into seats (s_id,allocated,seat_price,show_id) values (492,true,0,23);
insert into seats (s_id,allocated,seat_price,show_id) values (493,false,0,23);
insert into seats (s_id,allocated,seat_price,show_id) values (494,false,0,23);
insert into seats (s_id,allocated,seat_price,show_id) values (495,true,50,24);
insert into seats (s_id,allocated,seat_price,show_id) values (496,true,50,24);
insert into seats (s_id,allocated,seat_price,show_id) values (497,true,50,24);
insert into seats (s_id,allocated,seat_price,show_id) values (498,false,50,24);
insert into seats (s_id,allocated,seat_price,show_id) values (499,true,0,24);
insert into seats (s_id,allocated,seat_price,show_id) values (500,true,50,24);
insert into seats (s_id,allocated,seat_price,show_id) values (501,true,0,24);
insert into seats (s_id,allocated,seat_price,show_id) values (502,true,0,24);
insert into seats (s_id,allocated,seat_price,show_id) values (503,false,50,24);
insert into seats (s_id,allocated,seat_price,show_id) values (504,true,50,24);
insert into seats (s_id,allocated,seat_price,show_id) values (505,false,50,24);
insert into seats (s_id,allocated,seat_price,show_id) values (506,true,50,24);
insert into seats (s_id,allocated,seat_price,show_id) values (507,true,0,24);
insert into seats (s_id,allocated,seat_price,show_id) values (508,false,50,24);
insert into seats (s_id,allocated,seat_price,show_id) values (509,true,50,24);
insert into seats (s_id,allocated,seat_price,show_id) values (510,false,0,24);
insert into seats (s_id,allocated,seat_price,show_id) values (511,false,0,24);
insert into seats (s_id,allocated,seat_price,show_id) values (512,true,0,24);
insert into seats (s_id,allocated,seat_price,show_id) values (513,true,0,24);
insert into seats (s_id,allocated,seat_price,show_id) values (514,true,0,24);
insert into seats (s_id,allocated,seat_price,show_id) values (515,true,0,24);
insert into seats (s_id,allocated,seat_price,show_id) values (516,false,50,24);
insert into seats (s_id,allocated,seat_price,show_id) values (517,true,0,24);
insert into seats (s_id,allocated,seat_price,show_id) values (518,true,50,24);
insert into seats (s_id,allocated,seat_price,show_id) values (519,false,50,24);
insert into seats (s_id,allocated,seat_price,show_id) values (520,false,50,25);
insert into seats (s_id,allocated,seat_price,show_id) values (521,false,0,25);
insert into seats (s_id,allocated,seat_price,show_id) values (522,true,0,25);
insert into seats (s_id,allocated,seat_price,show_id) values (523,false,50,25);
insert into seats (s_id,allocated,seat_price,show_id) values (524,false,50,25);
insert into seats (s_id,allocated,seat_price,show_id) values (525,true,50,25);
insert into seats (s_id,allocated,seat_price,show_id) values (526,true,0,25);
insert into seats (s_id,allocated,seat_price,show_id) values (527,false,0,25);
insert into seats (s_id,allocated,seat_price,show_id) values (528,false,0,25);
insert into seats (s_id,allocated,seat_price,show_id) values (529,false,0,25);
insert into seats (s_id,allocated,seat_price,show_id) values (530,false,0,25);
insert into seats (s_id,allocated,seat_price,show_id) values (531,true,0,25);
insert into seats (s_id,allocated,seat_price,show_id) values (532,false,50,25);
insert into seats (s_id,allocated,seat_price,show_id) values (533,false,50,25);
insert into seats (s_id,allocated,seat_price,show_id) values (534,false,0,25);
insert into seats (s_id,allocated,seat_price,show_id) values (535,false,0,25);