use popflix;
select * from payment;
select * from booking;
select * from ticket;
SELECT * FROM booking Inner Join ticket where t.payment=1;
/*Theater 10*/
insert into theater (t_id, name, location, rating) values (1, 'Munmro', 'Cambridge', 3.41);
insert into theater (t_id, name, location, rating) values (2, 'Alana', 'Londonderry', 2.27);
insert into theater (t_id, name, location, rating) values (3, 'Nelli', 'Cordelia', 1.95);
insert into theater (t_id, name, location, rating) values (4, 'Colby', 'Brickson Park', 3.51);
insert into theater (t_id, name, location, rating) values (5, 'Bryna', 'John Wall', 3.72);
insert into theater (t_id, name, location, rating) values (6, 'Tannie', 'Manitowish', 4.77);
insert into theater (t_id, name, location, rating) values (7, 'Slade', 'Golf Course', 1.87);
insert into theater (t_id, name, location, rating) values (8, 'Kariotta', 'Kinsman', 2.16);
insert into theater (t_id, name, location, rating) values (9, 'Walker', 'Sundown', 2.56);
insert into theater (t_id, name, location, rating) values (10, 'Rice', 'Goodland', 4.41);


/*movies 50*/
alter table movies modify column release_date datetime;
insert into movies (m_id, name, release_date, language) values (1, 'Cheslie Lang', '2020-09-30 09:38:52', 'EN');
insert into movies (m_id, name, release_date, language) values (2, 'Garvey Clunie', '2020-04-28 08:34:00', 'Ma');
insert into movies (m_id, name, release_date, language) values (3, 'Marcelia Ambroise', '2020-07-25 07:54:56', 'Ma');
insert into movies (m_id, name, release_date, language) values (4, 'Bancroft Cuncliffe', '2019-12-17 03:51:46', 'Ma');
insert into movies (m_id, name, release_date, language) values (5, 'Justinian Liebermann', '2020-01-28 10:45:31', 'Ma');
insert into movies (m_id, name, release_date, language) values (6, 'Lewie Beahan', '2019-12-21 21:16:23', 'EN');
insert into movies (m_id, name, release_date, language) values (7, 'Chantal Malmar', '2020-08-28 21:10:14', 'Ma');
insert into movies (m_id, name, release_date, language) values (8, 'Nicola Crosen', '2020-01-22 10:43:40', 'Ma');
insert into movies (m_id, name, release_date, language) values (9, 'Urban Rugg', '2020-04-18 23:42:24', 'Ma');
insert into movies (m_id, name, release_date, language) values (10, 'Wylma Curm', '2020-02-28 21:33:38', 'EN');
insert into movies (m_id, name, release_date, language) values (11, 'Johanna Coucher', '2020-09-08 17:52:44', 'Ma');
insert into movies (m_id, name, release_date, language) values (12, 'Barnabe Harken', '2020-10-03 11:49:15', 'Ma');
insert into movies (m_id, name, release_date, language) values (13, 'Aviva Skrine', '2020-08-31 17:48:52', 'Ma');
insert into movies (m_id, name, release_date, language) values (14, 'Augustina Iacovucci', '2020-01-31 20:28:32', 'EN');
insert into movies (m_id, name, release_date, language) values (15, 'Roth Aspenlon', '2019-11-21 00:44:35', 'Ma');
insert into movies (m_id, name, release_date, language) values (16, 'Jennine Steart', '2020-08-14 20:31:55', 'Ma');
insert into movies (m_id, name, release_date, language) values (17, 'Robinia Partner', '2020-07-17 14:50:36', 'Hi');
insert into movies (m_id, name, release_date, language) values (18, 'Ulises Overpool', '2020-04-13 14:07:28', 'Ma');
insert into movies (m_id, name, release_date, language) values (19, 'Nial Beardwood', '2020-07-11 01:36:15', 'Ma');
insert into movies (m_id, name, release_date, language) values (20, 'Bud Huelin', '2020-03-12 03:43:14', 'Ma');
insert into movies (m_id, name, release_date, language) values (21, 'Cassandre Metterick', '2020-04-05 18:48:09', 'Ma');
insert into movies (m_id, name, release_date, language) values (22, 'Griffie Tinkham', '2020-07-19 23:12:28', 'Hi');
insert into movies (m_id, name, release_date, language) values (23, 'Truda Rouby', '2020-07-21 19:47:53', 'EN');
insert into movies (m_id, name, release_date, language) values (24, 'Nissie Tant', '2019-11-02 19:12:34', 'Ma');
insert into movies (m_id, name, release_date, language) values (25, 'Brietta Bothams', '2020-04-22 16:04:33', 'Ma');
insert into movies (m_id, name, release_date, language) values (26, 'Earlie Askell', '2020-03-09 05:30:22', 'Hi');
insert into movies (m_id, name, release_date, language) values (27, 'Syd Tugman', '2020-05-19 14:56:57', 'Ma');
insert into movies (m_id, name, release_date, language) values (28, 'Hanna Dorning', '2019-11-16 23:44:17', 'Ma');
insert into movies (m_id, name, release_date, language) values (29, 'Archie McLenahan', '2020-02-10 00:19:33', 'Ma');
insert into movies (m_id, name, release_date, language) values (30, 'Irvin McClosh', '2020-07-11 10:11:04', 'Ma');
insert into movies (m_id, name, release_date, language) values (31, 'Halie Kunert', '2020-03-04 04:29:08', 'Hi');
insert into movies (m_id, name, release_date, language) values (32, 'Lottie Allsup', '2020-01-20 13:15:27', 'EN');
insert into movies (m_id, name, release_date, language) values (33, 'Stephie Varian', '2020-02-03 22:00:38', 'Ma');
insert into movies (m_id, name, release_date, language) values (34, 'Bernarr Bollard', '2020-08-22 03:36:24', 'Ma');
insert into movies (m_id, name, release_date, language) values (35, 'Bellina Sappson', '2020-05-29 22:51:08', 'Hi');
insert into movies (m_id, name, release_date, language) values (36, 'Kaylil Bartolomeazzi', '2020-02-14 14:43:28', 'Ma');
insert into movies (m_id, name, release_date, language) values (37, 'Teirtza MacAndie', '2020-02-07 02:46:22', 'Ma');
insert into movies (m_id, name, release_date, language) values (38, 'Kala Mc Gaughey', '2020-10-22 18:31:29', 'Ma');
insert into movies (m_id, name, release_date, language) values (39, 'Darb Game', '2020-02-19 17:34:23', 'Ma');
insert into movies (m_id, name, release_date, language) values (40, 'Lauralee Coggeshall', '2019-10-26 12:37:16', 'Hi');
insert into movies (m_id, name, release_date, language) values (41, 'Lelah Aitkin', '2020-02-29 15:37:43', 'Ma');
insert into movies (m_id, name, release_date, language) values (42, 'Clara Cavolini', '2019-12-10 00:43:55', 'EN');
insert into movies (m_id, name, release_date, language) values (43, 'Willard Grolmann', '2020-10-01 18:30:49', 'Ma');
insert into movies (m_id, name, release_date, language) values (44, 'Seana Weeks', '2020-06-29 05:26:34', 'Ma');
insert into movies (m_id, name, release_date, language) values (45, 'Sindee Tipper', '2020-09-18 13:08:38', 'Hi');
insert into movies (m_id, name, release_date, language) values (46, 'Bernarr Gower', '2020-10-01 03:00:50', 'Ma');
insert into movies (m_id, name, release_date, language) values (47, 'Eartha Preto', '2020-08-17 15:25:10', 'Ma');
insert into movies (m_id, name, release_date, language) values (48, 'Doll Godley', '2019-12-09 19:44:54', 'EN');
insert into movies (m_id, name, release_date, language) values (49, 'Silvester Grennan', '2020-08-23 12:15:12', 'Ma');
insert into movies (m_id, name, release_date, language) values (50, 'Korella Toke', '2020-06-23 02:59:38', 'EN');
select * from movies;
/*Genre 75*/
insert into genre (m_id, Genre) values (24, 'ADVENTURE');
insert into genre (m_id, Genre) values (2, 'ROMANTIC');
insert into genre (m_id, Genre) values (33, 'ADVENTURE');
insert into genre (m_id, Genre) values (10, 'HORROR');
insert into genre (m_id, Genre) values (48, 'ADVENTURE');
insert into genre (m_id, Genre) values (4, 'ADVENTURE');
insert into genre (m_id, Genre) values (49, 'COMEDY');
insert into genre (m_id, Genre) values (34, 'ROMANTIC');
insert into genre (m_id, Genre) values (4, 'HORROR');
insert into genre (m_id, Genre) values (30, 'ADVENTURE');
insert into genre (m_id, Genre) values (1, 'ADVENTURE');
insert into genre (m_id, Genre) values (21, 'ADVENTURE');
insert into genre (m_id, Genre) values (33, 'ADVENTURE');
insert into genre (m_id, Genre) values (16, 'HORROR');
insert into genre (m_id, Genre) values (21, 'ADVENTURE');
insert into genre (m_id, Genre) values (48, 'ADVENTURE');
insert into genre (m_id, Genre) values (27, 'ADVENTURE');
insert into genre (m_id, Genre) values (4, 'ADVENTURE');
insert into genre (m_id, Genre) values (36, 'COMEDY');
insert into genre (m_id, Genre) values (31, 'ROMANTIC');
insert into genre (m_id, Genre) values (18, 'HORROR');
insert into genre (m_id, Genre) values (45, 'ADVENTURE');
insert into genre (m_id, Genre) values (25, 'ROMANTIC');
insert into genre (m_id, Genre) values (6, 'COMEDY');
insert into genre (m_id, Genre) values (22, 'HORROR');
insert into genre (m_id, Genre) values (34, 'ROMANTIC');
insert into genre (m_id, Genre) values (8, 'ADVENTURE');
insert into genre (m_id, Genre) values (50, 'ADVENTURE');
insert into genre (m_id, Genre) values (39, 'COMEDY');
insert into genre (m_id, Genre) values (25, 'ADVENTURE');
insert into genre (m_id, Genre) values (5, 'ADVENTURE');
insert into genre (m_id, Genre) values (46, 'ADVENTURE');
insert into genre (m_id, Genre) values (48, 'ADVENTURE');
insert into genre (m_id, Genre) values (30, 'ADVENTURE');
insert into genre (m_id, Genre) values (31, 'ROMANTIC');
insert into genre (m_id, Genre) values (18, 'ROMANTIC');
insert into genre (m_id, Genre) values (17, 'COMEDY');
insert into genre (m_id, Genre) values (19, 'ROMANTIC');
insert into genre (m_id, Genre) values (29, 'ADVENTURE');
insert into genre (m_id, Genre) values (44, 'ADVENTURE');
insert into genre (m_id, Genre) values (40, 'ROMANTIC');
insert into genre (m_id, Genre) values (20, 'ADVENTURE');
insert into genre (m_id, Genre) values (34, 'COMEDY');
insert into genre (m_id, Genre) values (13, 'ADVENTURE');
insert into genre (m_id, Genre) values (29, 'ROMANTIC');
insert into genre (m_id, Genre) values (21, 'ROMANTIC');
insert into genre (m_id, Genre) values (12, 'ROMANTIC');
insert into genre (m_id, Genre) values (2, 'ADVENTURE');
insert into genre (m_id, Genre) values (28, 'ROMANTIC');
insert into genre (m_id, Genre) values (33, 'ADVENTURE');
insert into genre (m_id, Genre) values (35, 'ROMANTIC');
insert into genre (m_id, Genre) values (24, 'ROMANTIC');
insert into genre (m_id, Genre) values (36, 'COMEDY');
insert into genre (m_id, Genre) values (3, 'ADVENTURE');
insert into genre (m_id, Genre) values (10, 'ADVENTURE');
insert into genre (m_id, Genre) values (50, 'ROMANTIC');
insert into genre (m_id, Genre) values (1, 'ADVENTURE');
insert into genre (m_id, Genre) values (45, 'ROMANTIC');
insert into genre (m_id, Genre) values (13, 'ADVENTURE');
insert into genre (m_id, Genre) values (22, 'ADVENTURE');
insert into genre (m_id, Genre) values (48, 'COMEDY');
insert into genre (m_id, Genre) values (30, 'COMEDY');
insert into genre (m_id, Genre) values (13, 'ADVENTURE');
insert into genre (m_id, Genre) values (9, 'HORROR');
insert into genre (m_id, Genre) values (48, 'ADVENTURE');
insert into genre (m_id, Genre) values (43, 'ROMANTIC');
insert into genre (m_id, Genre) values (9, 'ROMANTIC');
insert into genre (m_id, Genre) values (25, 'ADVENTURE');
insert into genre (m_id, Genre) values (9, 'ROMANTIC');
insert into genre (m_id, Genre) values (37, 'HORROR');
insert into genre (m_id, Genre) values (24, 'ADVENTURE');
insert into genre (m_id, Genre) values (11, 'COMEDY');
insert into genre (m_id, Genre) values (38, 'ADVENTURE');
insert into genre (m_id, Genre) values (43, 'ADVENTURE');
insert into genre (m_id, Genre) values (33, 'ADVENTURE');

/*Shows 25*/
insert into shows (show_id, slot, price, t_id, weekend_price, m_id) values (1, '21:00', '52.22', 3, '137.88', 49);
insert into shows (show_id, slot, price, t_id, weekend_price, m_id) values (2, '9:50', '189.11', 7, '128.31', 49);
insert into shows (show_id, slot, price, t_id, weekend_price, m_id) values (3, '21:00', '150.15', 3, '41.95', 46);
insert into shows (show_id, slot, price, t_id, weekend_price, m_id) values (4, '18:30', '146.02', 2, '108.73', 47);
insert into shows (show_id, slot, price, t_id, weekend_price, m_id) values (5, '18:30', '151.38', 8, '36.58', 49);
insert into shows (show_id, slot, price, t_id, weekend_price, m_id) values (6, '21:00', '74.78', 8, '86.74', 47);
insert into shows (show_id, slot, price, t_id, weekend_price, m_id) values (7, '10:00', '62.32', 10, '25.41', 46);
insert into shows (show_id, slot, price, t_id, weekend_price, m_id) values (8, '21:30', '190.42', 1, '75.56', 50);
insert into shows (show_id, slot, price, t_id, weekend_price, m_id) values (9, '10:00', '125.36', 3, '147.08', 47);
insert into shows (show_id, slot, price, t_id, weekend_price, m_id) values (10, '16:00', '77.62', 3, '35.18', 45);
insert into shows (show_id, slot, price, t_id, weekend_price, m_id) values (11, '21:00', '79.81', 5, '48.07', 48);
insert into shows (show_id, slot, price, t_id, weekend_price, m_id) values (12, '15:00', '97.97', 5, '50.77', 48);
insert into shows (show_id, slot, price, t_id, weekend_price, m_id) values (13, '14:00', '169.74', 8, '98.09', 47);
insert into shows (show_id, slot, price, t_id, weekend_price, m_id) values (14, '13:45', '199.03', 1, '145.34', 50);
insert into shows (show_id, slot, price, t_id, weekend_price, m_id) values (15, '13:00', '82.91', 9, '77.21', 48);
insert into shows (show_id, slot, price, t_id, weekend_price, m_id) values (16, '20:45', '78.86', 5, '103.11', 48);
insert into shows (show_id, slot, price, t_id, weekend_price, m_id) values (17, '17:00', '125.27', 2, '108.88', 50);
insert into shows (show_id, slot, price, t_id, weekend_price, m_id) values (18, '13:30', '169.51', 6, '28.74', 50);
insert into shows (show_id, slot, price, t_id, weekend_price, m_id) values (19, '17:30', '181.70', 10, '149.61', 49);
insert into shows (show_id, slot, price, t_id, weekend_price, m_id) values (20, '17:00', '187.93', 5, '66.90', 49);
insert into shows (show_id, slot, price, t_id, weekend_price, m_id) values (21, '9:00', '78.61', 7, '134.59', 50);
insert into shows (show_id, slot, price, t_id, weekend_price, m_id) values (22, '16:50', '74.46', 5, '117.93', 46);
insert into shows (show_id, slot, price, t_id, weekend_price, m_id) values (23, '15:50', '105.35', 8, '57.89', 45);
insert into shows (show_id, slot, price, t_id, weekend_price, m_id) values (24, '12:50', '87.32', 10, '40.33', 46);
insert into shows (show_id, slot, price, t_id, weekend_price, m_id) values (25, '19:00', '123.90', 4, '64.28', 49);


/*seats 370*/
insert into seats (s_id,seat_price,theater_id) values (1,0,1);
insert into seats (s_id,seat_price,theater_id) values (2,0,1);
insert into seats (s_id,seat_price,theater_id) values (3,0,1);
insert into seats (s_id,seat_price,theater_id) values (4,50,1);
insert into seats (s_id,seat_price,theater_id) values (5,50,1);
insert into seats (s_id,seat_price,theater_id) values (6,50,1);
insert into seats (s_id,seat_price,theater_id) values (7,50,1);
insert into seats (s_id,seat_price,theater_id) values (8,0,1);
insert into seats (s_id,seat_price,theater_id) values (9,0,1);
insert into seats (s_id,seat_price,theater_id) values (10,50,1);
insert into seats (s_id,seat_price,theater_id) values (11,0,1);
insert into seats (s_id,seat_price,theater_id) values (12,50,1);
insert into seats (s_id,seat_price,theater_id) values (13,0,1);
insert into seats (s_id,seat_price,theater_id) values (14,0,1);
insert into seats (s_id,seat_price,theater_id) values (15,0,1);
insert into seats (s_id,seat_price,theater_id) values (16,0,1);
insert into seats (s_id,seat_price,theater_id) values (17,50,1);
insert into seats (s_id,seat_price,theater_id) values (18,50,1);
insert into seats (s_id,seat_price,theater_id) values (19,50,1);
insert into seats (s_id,seat_price,theater_id) values (20,50,1);
insert into seats (s_id,seat_price,theater_id) values (21,0,1);
insert into seats (s_id,seat_price,theater_id) values (22,50,1);
insert into seats (s_id,seat_price,theater_id) values (23,0,1);
insert into seats (s_id,seat_price,theater_id) values (24,0,1);
insert into seats (s_id,seat_price,theater_id) values (25,0,1);
insert into seats (s_id,seat_price,theater_id) values (26,0,2);
insert into seats (s_id,seat_price,theater_id) values (27,0,2);
insert into seats (s_id,seat_price,theater_id) values (28,50,2);
insert into seats (s_id,seat_price,theater_id) values (29,50,2);
insert into seats (s_id,seat_price,theater_id) values (30,0,2);
insert into seats (s_id,seat_price,theater_id) values (31,0,2);
insert into seats (s_id,seat_price,theater_id) values (32,0,2);
insert into seats (s_id,seat_price,theater_id) values (33,50,2);
insert into seats (s_id,seat_price,theater_id) values (34,0,2);
insert into seats (s_id,seat_price,theater_id) values (35,50,2);
insert into seats (s_id,seat_price,theater_id) values (36,0,2);
insert into seats (s_id,seat_price,theater_id) values (37,50,2);
insert into seats (s_id,seat_price,theater_id) values (38,50,2);
insert into seats (s_id,seat_price,theater_id) values (39,0,2);
insert into seats (s_id,seat_price,theater_id) values (40,50,2);
insert into seats (s_id,seat_price,theater_id) values (41,0,2);
insert into seats (s_id,seat_price,theater_id) values (42,50,2);
insert into seats (s_id,seat_price,theater_id) values (43,0,2);
insert into seats (s_id,seat_price,theater_id) values (44,0,2);
insert into seats (s_id,seat_price,theater_id) values (45,50,2);
insert into seats (s_id,seat_price,theater_id) values (46,0,2);
insert into seats (s_id,seat_price,theater_id) values (47,0,2);
insert into seats (s_id,seat_price,theater_id) values (48,0,2);
insert into seats (s_id,seat_price,theater_id) values (49,0,2);
insert into seats (s_id,seat_price,theater_id) values (50,50,2);
insert into seats (s_id,seat_price,theater_id) values (51,0,2);
insert into seats (s_id,seat_price,theater_id) values (52,0,2);
insert into seats (s_id,seat_price,theater_id) values (53,50,2);
insert into seats (s_id,seat_price,theater_id) values (54,50,2);
insert into seats (s_id,seat_price,theater_id) values (55,0,2);
insert into seats (s_id,seat_price,theater_id) values (56,0,2);
insert into seats (s_id,seat_price,theater_id) values (57,50,2);
insert into seats (s_id,seat_price,theater_id) values (58,0,2);
insert into seats (s_id,seat_price,theater_id) values (59,0,2);
insert into seats (s_id,seat_price,theater_id) values (60,50,2);
insert into seats (s_id,seat_price,theater_id) values (61,0,2);
insert into seats (s_id,seat_price,theater_id) values (62,0,2);
insert into seats (s_id,seat_price,theater_id) values (63,0,2);
insert into seats (s_id,seat_price,theater_id) values (64,0,2);
insert into seats (s_id,seat_price,theater_id) values (65,50,2);
insert into seats (s_id,seat_price,theater_id) values (66,50,2);
insert into seats (s_id,seat_price,theater_id) values (67,0,2);
insert into seats (s_id,seat_price,theater_id) values (68,50,2);
insert into seats (s_id,seat_price,theater_id) values (69,0,2);
insert into seats (s_id,seat_price,theater_id) values (70,50,2);
insert into seats (s_id,seat_price,theater_id) values (71,50,2);
insert into seats (s_id,seat_price,theater_id) values (72,50,2);
insert into seats (s_id,seat_price,theater_id) values (73,0,2);
insert into seats (s_id,seat_price,theater_id) values (74,0,2);
insert into seats (s_id,seat_price,theater_id) values (75,50,3);
insert into seats (s_id,seat_price,theater_id) values (76,0,3);
insert into seats (s_id,seat_price,theater_id) values (77,50,3);
insert into seats (s_id,seat_price,theater_id) values (78,50,3);
insert into seats (s_id,seat_price,theater_id) values (79,50,3);
insert into seats (s_id,seat_price,theater_id) values (80,0,3);
insert into seats (s_id,seat_price,theater_id) values (81,0,3);
insert into seats (s_id,seat_price,theater_id) values (82,0,3);
insert into seats (s_id,seat_price,theater_id) values (83,50,3);
insert into seats (s_id,seat_price,theater_id) values (84,0,3);
insert into seats (s_id,seat_price,theater_id) values (85,50,3);
insert into seats (s_id,seat_price,theater_id) values (86,0,3);
insert into seats (s_id,seat_price,theater_id) values (87,0,3);
insert into seats (s_id,seat_price,theater_id) values (88,0,3);
insert into seats (s_id,seat_price,theater_id) values (89,0,3);
insert into seats (s_id,seat_price,theater_id) values (90,0,3);
insert into seats (s_id,seat_price,theater_id) values (91,50,3);
insert into seats (s_id,seat_price,theater_id) values (92,50,3);
insert into seats (s_id,seat_price,theater_id) values (93,0,3);
insert into seats (s_id,seat_price,theater_id) values (94,0,3);
insert into seats (s_id,seat_price,theater_id) values (95,50,3);
insert into seats (s_id,seat_price,theater_id) values (96,0,3);
insert into seats (s_id,seat_price,theater_id) values (97,50,3);
insert into seats (s_id,seat_price,theater_id) values (98,0,3);
insert into seats (s_id,seat_price,theater_id) values (99,50,3);
insert into seats (s_id,seat_price,theater_id) values (100,0,3);
insert into seats (s_id,seat_price,theater_id) values (101,0,3);
insert into seats (s_id,seat_price,theater_id) values (102,0,3);
insert into seats (s_id,seat_price,theater_id) values (103,50,3);
insert into seats (s_id,seat_price,theater_id) values (104,0,3);
insert into seats (s_id,seat_price,theater_id) values (105,50,3);
insert into seats (s_id,seat_price,theater_id) values (106,0,3);
insert into seats (s_id,seat_price,theater_id) values (107,50,3);
insert into seats (s_id,seat_price,theater_id) values (108,50,3);
insert into seats (s_id,seat_price,theater_id) values (109,0,3);
insert into seats (s_id,seat_price,theater_id) values (110,50,3);
insert into seats (s_id,seat_price,theater_id) values (111,50,3);
insert into seats (s_id,seat_price,theater_id) values (112,0,3);
insert into seats (s_id,seat_price,theater_id) values (113,50,3);
insert into seats (s_id,seat_price,theater_id) values (114,0,3);
insert into seats (s_id,seat_price,theater_id) values (115,0,3);
insert into seats (s_id,seat_price,theater_id) values (116,0,3);
insert into seats (s_id,seat_price,theater_id) values (117,0,3);
insert into seats (s_id,seat_price,theater_id) values (118,50,3);
insert into seats (s_id,seat_price,theater_id) values (119,0,3);
insert into seats (s_id,seat_price,theater_id) values (120,0,3);
insert into seats (s_id,seat_price,theater_id) values (121,50,3);
insert into seats (s_id,seat_price,theater_id) values (122,0,3);
insert into seats (s_id,seat_price,theater_id) values (123,0,3);
insert into seats (s_id,seat_price,theater_id) values (124,50,4);
insert into seats (s_id,seat_price,theater_id) values (125,0,4);
insert into seats (s_id,seat_price,theater_id) values (126,0,4);
insert into seats (s_id,seat_price,theater_id) values (127,50,4);
insert into seats (s_id,seat_price,theater_id) values (128,50,4);
insert into seats (s_id,seat_price,theater_id) values (129,0,4);
insert into seats (s_id,seat_price,theater_id) values (130,50,4);
insert into seats (s_id,seat_price,theater_id) values (131,50,4);
insert into seats (s_id,seat_price,theater_id) values (132,0,4);
insert into seats (s_id,seat_price,theater_id) values (133,0,4);
insert into seats (s_id,seat_price,theater_id) values (134,50,4);
insert into seats (s_id,seat_price,theater_id) values (135,50,4);
insert into seats (s_id,seat_price,theater_id) values (136,0,4);
insert into seats (s_id,seat_price,theater_id) values (137,50,4);
insert into seats (s_id,seat_price,theater_id) values (138,50,4);
insert into seats (s_id,seat_price,theater_id) values (139,50,4);
insert into seats (s_id,seat_price,theater_id) values (140,0,4);
insert into seats (s_id,seat_price,theater_id) values (141,50,4);
insert into seats (s_id,seat_price,theater_id) values (142,0,4);
insert into seats (s_id,seat_price,theater_id) values (143,50,4);
insert into seats (s_id,seat_price,theater_id) values (144,0,4);
insert into seats (s_id,seat_price,theater_id) values (145,50,4);
insert into seats (s_id,seat_price,theater_id) values (146,0,4);
insert into seats (s_id,seat_price,theater_id) values (147,0,4);
insert into seats (s_id,seat_price,theater_id) values (148,0,4);
insert into seats (s_id,seat_price,theater_id) values (149,50,5);
insert into seats (s_id,seat_price,theater_id) values (150,0,5);
insert into seats (s_id,seat_price,theater_id) values (151,0,5);
insert into seats (s_id,seat_price,theater_id) values (152,50,5);
insert into seats (s_id,seat_price,theater_id) values (153,50,5);
insert into seats (s_id,seat_price,theater_id) values (154,50,5);
insert into seats (s_id,seat_price,theater_id) values (155,50,5);
insert into seats (s_id,seat_price,theater_id) values (156,50,5);
insert into seats (s_id,seat_price,theater_id) values (157,50,5);
insert into seats (s_id,seat_price,theater_id) values (158,50,5);
insert into seats (s_id,seat_price,theater_id) values (159,50,5);
insert into seats (s_id,seat_price,theater_id) values (160,0,5);
insert into seats (s_id,seat_price,theater_id) values (161,50,5);
insert into seats (s_id,seat_price,theater_id) values (162,0,5);
insert into seats (s_id,seat_price,theater_id) values (163,0,5);
insert into seats (s_id,seat_price,theater_id) values (164,0,5);
insert into seats (s_id,seat_price,theater_id) values (165,0,5);
insert into seats (s_id,seat_price,theater_id) values (166,0,5);
insert into seats (s_id,seat_price,theater_id) values (167,0,5);
insert into seats (s_id,seat_price,theater_id) values (168,0,5);
insert into seats (s_id,seat_price,theater_id) values (169,0,5);
insert into seats (s_id,seat_price,theater_id) values (170,0,5);
insert into seats (s_id,seat_price,theater_id) values (171,50,5);
insert into seats (s_id,seat_price,theater_id) values (172,50,5);
insert into seats (s_id,seat_price,theater_id) values (173,0,5);
insert into seats (s_id,seat_price,theater_id) values (174,50,5);
insert into seats (s_id,seat_price,theater_id) values (175,50,5);
insert into seats (s_id,seat_price,theater_id) values (176,0,5);
insert into seats (s_id,seat_price,theater_id) values (177,0,5);
insert into seats (s_id,seat_price,theater_id) values (178,0,5);
insert into seats (s_id,seat_price,theater_id) values (179,50,5);
insert into seats (s_id,seat_price,theater_id) values (180,0,5);
insert into seats (s_id,seat_price,theater_id) values (181,0,5);
insert into seats (s_id,seat_price,theater_id) values (182,0,5);
insert into seats (s_id,seat_price,theater_id) values (183,50,5);
insert into seats (s_id,seat_price,theater_id) values (184,0,5);
insert into seats (s_id,seat_price,theater_id) values (185,0,5);
insert into seats (s_id,seat_price,theater_id) values (186,0,5);
insert into seats (s_id,seat_price,theater_id) values (187,0,5);
insert into seats (s_id,seat_price,theater_id) values (188,0,5);
insert into seats (s_id,seat_price,theater_id) values (189,50,5);
insert into seats (s_id,seat_price,theater_id) values (190,0,5);
insert into seats (s_id,seat_price,theater_id) values (191,0,5);
insert into seats (s_id,seat_price,theater_id) values (192,0,5);
insert into seats (s_id,seat_price,theater_id) values (193,0,5);
insert into seats (s_id,seat_price,theater_id) values (194,50,5);
insert into seats (s_id,seat_price,theater_id) values (195,0,5);
insert into seats (s_id,seat_price,theater_id) values (196,0,5);
insert into seats (s_id,seat_price,theater_id) values (197,0,5);
insert into seats (s_id,seat_price,theater_id) values (198,0,6);
insert into seats (s_id,seat_price,theater_id) values (199,50,6);
insert into seats (s_id,seat_price,theater_id) values (200,0,6);
insert into seats (s_id,seat_price,theater_id) values (201,0,6);
insert into seats (s_id,seat_price,theater_id) values (202,50,6);
insert into seats (s_id,seat_price,theater_id) values (203,0,6);
insert into seats (s_id,seat_price,theater_id) values (204,50,6);
insert into seats (s_id,seat_price,theater_id) values (205,0,6);
insert into seats (s_id,seat_price,theater_id) values (206,0,6);
insert into seats (s_id,seat_price,theater_id) values (207,50,6);
insert into seats (s_id,seat_price,theater_id) values (208,50,6);
insert into seats (s_id,seat_price,theater_id) values (209,0,6);
insert into seats (s_id,seat_price,theater_id) values (210,0,6);
insert into seats (s_id,seat_price,theater_id) values (211,0,6);
insert into seats (s_id,seat_price,theater_id) values (212,50,6);
insert into seats (s_id,seat_price,theater_id) values (213,0,6);
insert into seats (s_id,seat_price,theater_id) values (214,50,6);
insert into seats (s_id,seat_price,theater_id) values (215,50,6);
insert into seats (s_id,seat_price,theater_id) values (216,0,6);
insert into seats (s_id,seat_price,theater_id) values (217,0,6);
insert into seats (s_id,seat_price,theater_id) values (218,50,6);
insert into seats (s_id,seat_price,theater_id) values (219,50,6);
insert into seats (s_id,seat_price,theater_id) values (220,0,6);
insert into seats (s_id,seat_price,theater_id) values (221,50,6);
insert into seats (s_id,seat_price,theater_id) values (222,0,6);
insert into seats (s_id,seat_price,theater_id) values (223,0,7);
insert into seats (s_id,seat_price,theater_id) values (224,0,7);
insert into seats (s_id,seat_price,theater_id) values (225,0,7);
insert into seats (s_id,seat_price,theater_id) values (226,50,7);
insert into seats (s_id,seat_price,theater_id) values (227,0,7);
insert into seats (s_id,seat_price,theater_id) values (228,50,7);
insert into seats (s_id,seat_price,theater_id) values (229,50,7);
insert into seats (s_id,seat_price,theater_id) values (230,50,7);
insert into seats (s_id,seat_price,theater_id) values (231,50,7);
insert into seats (s_id,seat_price,theater_id) values (232,0,7);
insert into seats (s_id,seat_price,theater_id) values (233,50,7);
insert into seats (s_id,seat_price,theater_id) values (234,0,7);
insert into seats (s_id,seat_price,theater_id) values (235,0,7);
insert into seats (s_id,seat_price,theater_id) values (236,50,7);
insert into seats (s_id,seat_price,theater_id) values (237,0,7);
insert into seats (s_id,seat_price,theater_id) values (238,0,7);
insert into seats (s_id,seat_price,theater_id) values (239,0,7);
insert into seats (s_id,seat_price,theater_id) values (240,0,7);
insert into seats (s_id,seat_price,theater_id) values (241,0,7);
insert into seats (s_id,seat_price,theater_id) values (242,0,7);
insert into seats (s_id,seat_price,theater_id) values (243,50,7);
insert into seats (s_id,seat_price,theater_id) values (244,50,7);
insert into seats (s_id,seat_price,theater_id) values (245,0,7);
insert into seats (s_id,seat_price,theater_id) values (246,50,7);
insert into seats (s_id,seat_price,theater_id) values (247,50,7);
insert into seats (s_id,seat_price,theater_id) values (248,50,8);
insert into seats (s_id,seat_price,theater_id) values (249,0,8);
insert into seats (s_id,seat_price,theater_id) values (250,50,8);
insert into seats (s_id,seat_price,theater_id) values (251,0,8);
insert into seats (s_id,seat_price,theater_id) values (252,0,8);
insert into seats (s_id,seat_price,theater_id) values (253,50,8);
insert into seats (s_id,seat_price,theater_id) values (254,0,8);
insert into seats (s_id,seat_price,theater_id) values (255,0,8);
insert into seats (s_id,seat_price,theater_id) values (256,0,8);
insert into seats (s_id,seat_price,theater_id) values (257,50,8);
insert into seats (s_id,seat_price,theater_id) values (258,0,8);
insert into seats (s_id,seat_price,theater_id) values (259,0,8);
insert into seats (s_id,seat_price,theater_id) values (260,0,8);
insert into seats (s_id,seat_price,theater_id) values (261,50,8);
insert into seats (s_id,seat_price,theater_id) values (262,50,8);
insert into seats (s_id,seat_price,theater_id) values (263,0,8);
insert into seats (s_id,seat_price,theater_id) values (264,0,8);
insert into seats (s_id,seat_price,theater_id) values (265,50,8);
insert into seats (s_id,seat_price,theater_id) values (266,0,8);
insert into seats (s_id,seat_price,theater_id) values (267,0,8);
insert into seats (s_id,seat_price,theater_id) values (268,0,8);
insert into seats (s_id,seat_price,theater_id) values (269,50,8);
insert into seats (s_id,seat_price,theater_id) values (270,50,8);
insert into seats (s_id,seat_price,theater_id) values (271,50,8);
insert into seats (s_id,seat_price,theater_id) values (272,0,8);
insert into seats (s_id,seat_price,theater_id) values (273,50,8);
insert into seats (s_id,seat_price,theater_id) values (274,50,8);
insert into seats (s_id,seat_price,theater_id) values (275,0,8);
insert into seats (s_id,seat_price,theater_id) values (276,0,8);
insert into seats (s_id,seat_price,theater_id) values (277,50,8);
insert into seats (s_id,seat_price,theater_id) values (278,0,8);
insert into seats (s_id,seat_price,theater_id) values (279,0,8);
insert into seats (s_id,seat_price,theater_id) values (280,0,8);
insert into seats (s_id,seat_price,theater_id) values (281,50,8);
insert into seats (s_id,seat_price,theater_id) values (282,50,8);
insert into seats (s_id,seat_price,theater_id) values (283,0,8);
insert into seats (s_id,seat_price,theater_id) values (284,50,8);
insert into seats (s_id,seat_price,theater_id) values (285,50,8);
insert into seats (s_id,seat_price,theater_id) values (286,0,8);
insert into seats (s_id,seat_price,theater_id) values (287,50,8);
insert into seats (s_id,seat_price,theater_id) values (288,0,8);
insert into seats (s_id,seat_price,theater_id) values (289,50,8);
insert into seats (s_id,seat_price,theater_id) values (290,0,8);
insert into seats (s_id,seat_price,theater_id) values (291,50,8);
insert into seats (s_id,seat_price,theater_id) values (292,50,8);
insert into seats (s_id,seat_price,theater_id) values (293,50,8);
insert into seats (s_id,seat_price,theater_id) values (294,0,8);
insert into seats (s_id,seat_price,theater_id) values (295,50,8);
insert into seats (s_id,seat_price,theater_id) values (296,0,8);
insert into seats (s_id,seat_price,theater_id) values (297,50,9);
insert into seats (s_id,seat_price,theater_id) values (298,50,9);
insert into seats (s_id,seat_price,theater_id) values (299,0,9);
insert into seats (s_id,seat_price,theater_id) values (300,0,9);
insert into seats (s_id,seat_price,theater_id) values (301,50,9);
insert into seats (s_id,seat_price,theater_id) values (302,50,9);
insert into seats (s_id,seat_price,theater_id) values (303,50,9);
insert into seats (s_id,seat_price,theater_id) values (304,50,9);
insert into seats (s_id,seat_price,theater_id) values (305,50,9);
insert into seats (s_id,seat_price,theater_id) values (306,50,9);
insert into seats (s_id,seat_price,theater_id) values (307,50,9);
insert into seats (s_id,seat_price,theater_id) values (308,0,9);
insert into seats (s_id,seat_price,theater_id) values (309,0,9);
insert into seats (s_id,seat_price,theater_id) values (310,0,9);
insert into seats (s_id,seat_price,theater_id) values (311,0,9);
insert into seats (s_id,seat_price,theater_id) values (312,50,9);
insert into seats (s_id,seat_price,theater_id) values (313,50,9);
insert into seats (s_id,seat_price,theater_id) values (314,0,9);
insert into seats (s_id,seat_price,theater_id) values (315,0,9);
insert into seats (s_id,seat_price,theater_id) values (316,0,9);
insert into seats (s_id,seat_price,theater_id) values (317,50,9);
insert into seats (s_id,seat_price,theater_id) values (318,50,9);
insert into seats (s_id,seat_price,theater_id) values (319,0,9);
insert into seats (s_id,seat_price,theater_id) values (320,0,9);
insert into seats (s_id,seat_price,theater_id) values (321,50,9);
insert into seats (s_id,seat_price,theater_id) values (322,0,9);
insert into seats (s_id,seat_price,theater_id) values (323,50,9);
insert into seats (s_id,seat_price,theater_id) values (324,50,9);
insert into seats (s_id,seat_price,theater_id) values (325,0,9);
insert into seats (s_id,seat_price,theater_id) values (326,50,9);
insert into seats (s_id,seat_price,theater_id) values (327,50,9);
insert into seats (s_id,seat_price,theater_id) values (328,0,9);
insert into seats (s_id,seat_price,theater_id) values (329,50,9);
insert into seats (s_id,seat_price,theater_id) values (330,0,9);
insert into seats (s_id,seat_price,theater_id) values (331,0,9);
insert into seats (s_id,seat_price,theater_id) values (332,50,9);
insert into seats (s_id,seat_price,theater_id) values (333,0,9);
insert into seats (s_id,seat_price,theater_id) values (334,50,9);
insert into seats (s_id,seat_price,theater_id) values (335,50,9);
insert into seats (s_id,seat_price,theater_id) values (336,0,9);
insert into seats (s_id,seat_price,theater_id) values (337,0,9);
insert into seats (s_id,seat_price,theater_id) values (338,50,9);
insert into seats (s_id,seat_price,theater_id) values (339,50,9);
insert into seats (s_id,seat_price,theater_id) values (340,0,9);
insert into seats (s_id,seat_price,theater_id) values (341,0,9);
insert into seats (s_id,seat_price,theater_id) values (342,50,9);
insert into seats (s_id,seat_price,theater_id) values (343,0,9);
insert into seats (s_id,seat_price,theater_id) values (344,50,9);
insert into seats (s_id,seat_price,theater_id) values (345,0,9);
insert into seats (s_id,seat_price,theater_id) values (346,50,10);
insert into seats (s_id,seat_price,theater_id) values (347,50,10);
insert into seats (s_id,seat_price,theater_id) values (348,0,10);
insert into seats (s_id,seat_price,theater_id) values (349,50,10);
insert into seats (s_id,seat_price,theater_id) values (350,50,10);
insert into seats (s_id,seat_price,theater_id) values (351,0,10);
insert into seats (s_id,seat_price,theater_id) values (352,50,10);
insert into seats (s_id,seat_price,theater_id) values (353,0,10);
insert into seats (s_id,seat_price,theater_id) values (354,0,10);
insert into seats (s_id,seat_price,theater_id) values (355,50,10);
insert into seats (s_id,seat_price,theater_id) values (356,0,10);
insert into seats (s_id,seat_price,theater_id) values (357,50,10);
insert into seats (s_id,seat_price,theater_id) values (358,50,10);
insert into seats (s_id,seat_price,theater_id) values (359,50,10);
insert into seats (s_id,seat_price,theater_id) values (360,0,10);
insert into seats (s_id,seat_price,theater_id) values (361,0,10);
insert into seats (s_id,seat_price,theater_id) values (362,0,10);
insert into seats (s_id,seat_price,theater_id) values (363,50,10);
insert into seats (s_id,seat_price,theater_id) values (364,0,10);
insert into seats (s_id,seat_price,theater_id) values (365,0,10);
insert into seats (s_id,seat_price,theater_id) values (366,50,10);
insert into seats (s_id,seat_price,theater_id) values (367,50,10);
insert into seats (s_id,seat_price,theater_id) values (368,50,10);
insert into seats (s_id,seat_price,theater_id) values (369,0,10);
insert into seats (s_id,seat_price,theater_id) values (370,0,10);
